Categoría,Subcategoría,Producto,SKU,Precio público,Descripción,Imagen
Deck,Wall Cladding,Wall Cladding Wenge 2.90X11.9X1.4 (Caja 12 Piezas),M-CLAD-6-005W,2500.0,"Revestimiento exterior tipo madera en piezas ligeras y resistentes, ideal para fachadas, bardas y muros de acento. Modelo Wall Cladding Wenge 2.90X11.9X1.4 (Caja 12 Piezas). Medida indicada: 2.90X11.9X1.4. Consulta disponibilidad, cobertura por caja y recomendaciones de instalación.",assets/proyecto-walnut.jpg
Deck,Wall Cladding,Wall Cladding Teak 2.90X11.9X1.4 (Caja 12 Piezas),M-CLAD-6-003T,2500.0,"Revestimiento exterior tipo madera en piezas ligeras y resistentes, ideal para fachadas, bardas y muros de acento. Modelo Wall Cladding Teak 2.90X11.9X1.4 (Caja 12 Piezas). Medida indicada: 2.90X11.9X1.4. Consulta disponibilidad, cobertura por caja y recomendaciones de instalación.",assets/proyecto-walnut.jpg
Deck,Wall Cladding,Wall Cladding Tasmania 2.90X11.9X1.4 (Caja 12 Piezas),M-CLAD-6-5402T,2500.0,"Revestimiento exterior tipo madera en piezas ligeras y resistentes, ideal para fachadas, bardas y muros de acento. Modelo Wall Cladding Tasmania 2.90X11.9X1.4 (Caja 12 Piezas). Medida indicada: 2.90X11.9X1.4. Consulta disponibilidad, cobertura por caja y recomendaciones de instalación.",assets/proyecto-walnut.jpg
Deck,Wall Cladding,Wall Cladding Redwood 2.90X11.9X1.4 (Caja 12 Piezas),M-CLAD-6-002R,2500.0,"Revestimiento exterior tipo madera en piezas ligeras y resistentes, ideal para fachadas, bardas y muros de acento. Modelo Wall Cladding Redwood 2.90X11.9X1.4 (Caja 12 Piezas). Medida indicada: 2.90X11.9X1.4. Consulta disponibilidad, cobertura por caja y recomendaciones de instalación.",assets/proyecto-walnut.jpg
Deck,Wall Cladding,Wall Cladding Merbau 2.90X11.9X1.4 (Caja 12 Piezas),M-CLAD-6-5403M,2500.0,"Revestimiento exterior tipo madera en piezas ligeras y resistentes, ideal para fachadas, bardas y muros de acento. Modelo Wall Cladding Merbau 2.90X11.9X1.4 (Caja 12 Piezas). Medida indicada: 2.90X11.9X1.4. Consulta disponibilidad, cobertura por caja y recomendaciones de instalación.",assets/proyecto-walnut.jpg
Deck,Wall Cladding,Wall Cladding Maple 2.90X11.9X1.4 (Caja 12 Piezas),M-CLAD-6-004M,2500.0,"Revestimiento exterior tipo madera en piezas ligeras y resistentes, ideal para fachadas, bardas y muros de acento. Modelo Wall Cladding Maple 2.90X11.9X1.4 (Caja 12 Piezas). Medida indicada: 2.90X11.9X1.4. Consulta disponibilidad, cobertura por caja y recomendaciones de instalación.",assets/proyecto-walnut.jpg
Deck,Wall Cladding,Wall Cladding Hickory 2.90X11.9X1.4 (Caja 12 Piezas),M-CLAD-6-5401H,2500.0,"Revestimiento exterior tipo madera en piezas ligeras y resistentes, ideal para fachadas, bardas y muros de acento. Modelo Wall Cladding Hickory 2.90X11.9X1.4 (Caja 12 Piezas). Medida indicada: 2.90X11.9X1.4. Consulta disponibilidad, cobertura por caja y recomendaciones de instalación.",assets/proyecto-walnut.jpg
Accesorios para muros,Vigas decorativas,Vigas PU Interior Castaño 2.90X15.2X7.5,M-VIGAPU-02,465.0,"Vigas ligeras para interiores y exteriores que aportan volumen y apariencia tipo madera. Modelo Vigas PU Interior Castaño 2.90X15.2X7.5. Medida indicada: 2.90X15.2X7.5. Consulta disponibilidad, cobertura por caja y recomendaciones de instalación.",assets/category-vigas.jpg
Accesorios para muros,Vigas decorativas,Viga PU Interior Wenge 2.90X15.2X7.5,M-VIGAPU-07,465.0,"Vigas ligeras para interiores y exteriores que aportan volumen y apariencia tipo madera. Modelo Viga PU Interior Wenge 2.90X15.2X7.5. Medida indicada: 2.90X15.2X7.5. Consulta disponibilidad, cobertura por caja y recomendaciones de instalación.",assets/category-vigas.jpg
Accesorios para muros,Vigas decorativas,Viga PU Interior Nogal 2.90X15.2X7.5,M-VIGAPU-03,465.0,"Vigas ligeras para interiores y exteriores que aportan volumen y apariencia tipo madera. Modelo Viga PU Interior Nogal 2.90X15.2X7.5. Medida indicada: 2.90X15.2X7.5. Consulta disponibilidad, cobertura por caja y recomendaciones de instalación.",assets/category-vigas.jpg
Accesorios para muros,Vigas decorativas,Viga PU Interior Ipe 2.90X15.2X7.5,M-VIGAPU-04,465.0,"Vigas ligeras para interiores y exteriores que aportan volumen y apariencia tipo madera. Modelo Viga PU Interior Ipe 2.90X15.2X7.5. Medida indicada: 2.90X15.2X7.5. Consulta disponibilidad, cobertura por caja y recomendaciones de instalación.",assets/category-vigas.jpg
Accesorios para muros,Vigas decorativas,Viga Interior Sao Paulo 2.90X5X5Cm,M-VIGA2-019,85.0,"Vigas ligeras para interiores y exteriores que aportan volumen y apariencia tipo madera. Modelo Viga Interior Sao Paulo 2.90X5X5Cm. Medida indicada: 2.90X5X5CM. Consulta disponibilidad, cobertura por caja y recomendaciones de instalación.",assets/category-vigas.jpg
Accesorios para muros,Vigas decorativas,Viga Interior Sao Paulo 2.90X10X5 2,M-VIGA1-019,100.0,"Vigas ligeras para interiores y exteriores que aportan volumen y apariencia tipo madera. Modelo Viga Interior Sao Paulo 2.90X10X5 2. Medida indicada: 2.90X10X5. Consulta disponibilidad, cobertura por caja y recomendaciones de instalación.",assets/category-vigas.jpg
Accesorios para muros,Vigas decorativas,Viga Interior Rio 2.90X5X5Cm,M-VIGA2-201,85.0,"Vigas ligeras para interiores y exteriores que aportan volumen y apariencia tipo madera. Modelo Viga Interior Rio 2.90X5X5Cm. Medida indicada: 2.90X5X5CM. Consulta disponibilidad, cobertura por caja y recomendaciones de instalación.",assets/category-vigas.jpg
Accesorios para muros,Vigas decorativas,Viga Interior Rio 2.90X10X5Cm 2,M-VIGA1-201,100.0,"Vigas ligeras para interiores y exteriores que aportan volumen y apariencia tipo madera. Modelo Viga Interior Rio 2.90X10X5Cm 2. Medida indicada: 2.90X10X5CM. Consulta disponibilidad, cobertura por caja y recomendaciones de instalación.",assets/category-vigas.jpg
Accesorios para muros,Vigas decorativas,Viga Interior Brasilia 2.90X5X5Cm,M-VIGA2-106,85.0,"Vigas ligeras para interiores y exteriores que aportan volumen y apariencia tipo madera. Modelo Viga Interior Brasilia 2.90X5X5Cm. Medida indicada: 2.90X5X5CM. Consulta disponibilidad, cobertura por caja y recomendaciones de instalación.",assets/category-vigas.jpg
Accesorios para muros,Vigas decorativas,Viga Interior Brasilia 2.90X10X5Cm 2,M-VIGA1-106,100.0,"Vigas ligeras para interiores y exteriores que aportan volumen y apariencia tipo madera. Modelo Viga Interior Brasilia 2.90X10X5Cm 2. Medida indicada: 2.90X10X5CM. Consulta disponibilidad, cobertura por caja y recomendaciones de instalación.",assets/category-vigas.jpg
Accesorios para muros,Vigas decorativas,Viga Interior Bahia 2.90X5X5Cm,M-VIGA2-003,85.0,"Vigas ligeras para interiores y exteriores que aportan volumen y apariencia tipo madera. Modelo Viga Interior Bahia 2.90X5X5Cm. Medida indicada: 2.90X5X5CM. Consulta disponibilidad, cobertura por caja y recomendaciones de instalación.",assets/category-vigas.jpg
Accesorios para muros,Vigas decorativas,Viga Interior Bahia 2.90X10X5Cm 2,M-VIGA1-003,100.0,"Vigas ligeras para interiores y exteriores que aportan volumen y apariencia tipo madera. Modelo Viga Interior Bahia 2.90X10X5Cm 2. Medida indicada: 2.90X10X5CM. Consulta disponibilidad, cobertura por caja y recomendaciones de instalación.",assets/category-vigas.jpg
Accesorios para muros,Vigas decorativas,Viga Exterior Teak 2.85X12X7,TD-VIGA-T3,399.0,"Vigas ligeras para interiores y exteriores que aportan volumen y apariencia tipo madera. Modelo Viga Exterior Teak 2.85X12X7. Medida indicada: 2.85X12X7. Consulta disponibilidad, cobertura por caja y recomendaciones de instalación.",assets/category-vigas.jpg
Accesorios para muros,Vigas decorativas,Viga Exterior Redwood 2.85X12X7,TD-VIGA-T2,399.0,"Vigas ligeras para interiores y exteriores que aportan volumen y apariencia tipo madera. Modelo Viga Exterior Redwood 2.85X12X7. Medida indicada: 2.85X12X7. Consulta disponibilidad, cobertura por caja y recomendaciones de instalación.",assets/category-vigas.jpg
Accesorios para muros,Vigas decorativas,Viga Exterior Dark Black 2.85X12X7,TD-VIGA-T8,399.0,"Vigas ligeras para interiores y exteriores que aportan volumen y apariencia tipo madera. Modelo Viga Exterior Dark Black 2.85X12X7. Medida indicada: 2.85X12X7. Consulta disponibilidad, cobertura por caja y recomendaciones de instalación.",assets/category-vigas.jpg
Tapiz,Tapiz Especial,Tapiz PVC Autoadherible En Rollo Metal Mombasa 2.40X1.20,M-TAPIZ-R012,600.0,"Diseños con efectos espejo, metálicos, acuosos o gráficos para muros de acento. Modelo Tapiz PVC Autoadherible En Rollo Metal Mombasa 2.40X1.20. Medida indicada: 2.40X1.20. Consulta disponibilidad, cobertura por caja y recomendaciones de instalación.",assets/category-papel-tapiz.jpg
Tapiz,Tapiz Matte,Tapiz PVC Autoadherible En Rollo Matte Zinzabar 2.40X1.20,M-TAPIZ-M067,600.0,"Tapiz autoadherible de acabado mate para una apariencia sobria y elegante. Modelo Tapiz PVC Autoadherible En Rollo Matte Zinzabar 2.40X1.20. Medida indicada: 2.40X1.20. Consulta disponibilidad, cobertura por caja y recomendaciones de instalación.",assets/category-papel-tapiz.jpg
Tapiz,Tapiz Matte,Tapiz PVC Autoadherible En Rollo Matte Marrakech 2.40X1.20,M-TAPIZ-M071,600.0,"Tapiz autoadherible de acabado mate para una apariencia sobria y elegante. Modelo Tapiz PVC Autoadherible En Rollo Matte Marrakech 2.40X1.20. Medida indicada: 2.40X1.20. Consulta disponibilidad, cobertura por caja y recomendaciones de instalación.",assets/category-papel-tapiz.jpg
Tapiz,Tapiz Matte,Tapiz PVC Autoadherible En Rollo Matte Kigali 2.40X1.20,M-TAPIZ-M038,600.0,"Tapiz autoadherible de acabado mate para una apariencia sobria y elegante. Modelo Tapiz PVC Autoadherible En Rollo Matte Kigali 2.40X1.20. Medida indicada: 2.40X1.20. Consulta disponibilidad, cobertura por caja y recomendaciones de instalación.",assets/category-papel-tapiz.jpg
Tapiz,Tapiz Matte,Tapiz PVC Autoadherible En Rollo Matte Kampala 2.40X1.20,M-TAPIZ-M040,600.0,"Tapiz autoadherible de acabado mate para una apariencia sobria y elegante. Modelo Tapiz PVC Autoadherible En Rollo Matte Kampala 2.40X1.20. Medida indicada: 2.40X1.20. Consulta disponibilidad, cobertura por caja y recomendaciones de instalación.",assets/category-papel-tapiz.jpg
Tapiz,Tapiz Matte,Tapiz PVC Autoadherible En Rollo Matte Bahir 2.40X1.20,M-TAPIZ-M099,600.0,"Tapiz autoadherible de acabado mate para una apariencia sobria y elegante. Modelo Tapiz PVC Autoadherible En Rollo Matte Bahir 2.40X1.20. Medida indicada: 2.40X1.20. Consulta disponibilidad, cobertura por caja y recomendaciones de instalación.",assets/category-papel-tapiz.jpg
Tapiz,Tapiz Matte,Tapiz PVC Autoadherible En Rollo Matte Asmara 2.40X1.20,M-TAPIZ-M009,600.0,"Tapiz autoadherible de acabado mate para una apariencia sobria y elegante. Modelo Tapiz PVC Autoadherible En Rollo Matte Asmara 2.40X1.20. Medida indicada: 2.40X1.20. Consulta disponibilidad, cobertura por caja y recomendaciones de instalación.",assets/category-papel-tapiz.jpg
Tapiz,Tapiz Matte,Tapiz PVC Autoadherible En Rollo Matte Algiers 2.40X1.20,M-TAPIZ-004,0.0,"Tapiz autoadherible de acabado mate para una apariencia sobria y elegante. Modelo Tapiz PVC Autoadherible En Rollo Matte Algiers 2.40X1.20. Medida indicada: 2.40X1.20. Consulta disponibilidad, cobertura por caja y recomendaciones de instalación.",assets/category-papel-tapiz.jpg
Tapiz,Tapiz Glossy,Tapiz PVC Autoadherible En Rollo Glossy Luxor 2.40X1.20,M-TAPIZ-G459,500.0,"Tapiz autoadherible con acabado brillante que realza colores, vetas y reflejos. Modelo Tapiz PVC Autoadherible En Rollo Glossy Luxor 2.40X1.20. Medida indicada: 2.40X1.20. Consulta disponibilidad, cobertura por caja y recomendaciones de instalación.",assets/category-papel-tapiz.jpg
Tapiz,Tapiz Glossy,Tapiz PVC Autoadherible En Rollo Glossy Luanda 2.40X1.20,M-TAPIZ-G301,500.0,"Tapiz autoadherible con acabado brillante que realza colores, vetas y reflejos. Modelo Tapiz PVC Autoadherible En Rollo Glossy Luanda 2.40X1.20. Medida indicada: 2.40X1.20. Consulta disponibilidad, cobertura por caja y recomendaciones de instalación.",assets/category-papel-tapiz.jpg
Tapiz,Tapiz Glossy,Tapiz PVC Autoadherible En Rollo Glossy Johannesburg 2.40X1.20,M-TAPIZ-G503,500.0,"Tapiz autoadherible con acabado brillante que realza colores, vetas y reflejos. Modelo Tapiz PVC Autoadherible En Rollo Glossy Johannesburg 2.40X1.20. Medida indicada: 2.40X1.20. Consulta disponibilidad, cobertura por caja y recomendaciones de instalación.",assets/category-papel-tapiz.jpg
Tapiz,Tapiz Glossy,Tapiz PVC Autoadherible En Rollo Glossy Jinja 2.40X1.20,M-TAPIZ-G025,500.0,"Tapiz autoadherible con acabado brillante que realza colores, vetas y reflejos. Modelo Tapiz PVC Autoadherible En Rollo Glossy Jinja 2.40X1.20. Medida indicada: 2.40X1.20. Consulta disponibilidad, cobertura por caja y recomendaciones de instalación.",assets/category-papel-tapiz.jpg
Tapiz,Tapiz Glossy,Tapiz PVC Autoadherible En Rollo Glossy Gabrorne 2.40X1.20,M-TAPIZ-G887,500.0,"Tapiz autoadherible con acabado brillante que realza colores, vetas y reflejos. Modelo Tapiz PVC Autoadherible En Rollo Glossy Gabrorne 2.40X1.20. Medida indicada: 2.40X1.20. Consulta disponibilidad, cobertura por caja y recomendaciones de instalación.",assets/category-papel-tapiz.jpg
Tapiz,Tapiz Glossy,Tapiz PVC Autoadherible En Rollo Glossy Fes 2.40X1.20,M-TAPIZ-G005,500.0,"Tapiz autoadherible con acabado brillante que realza colores, vetas y reflejos. Modelo Tapiz PVC Autoadherible En Rollo Glossy Fes 2.40X1.20. Medida indicada: 2.40X1.20. Consulta disponibilidad, cobertura por caja y recomendaciones de instalación.",assets/category-papel-tapiz.jpg
Tapiz,Tapiz Glossy,Tapiz PVC Autoadherible En Rollo Glossy Dakar 2.40X1.20,M-TAPIZ-G188,500.0,"Tapiz autoadherible con acabado brillante que realza colores, vetas y reflejos. Modelo Tapiz PVC Autoadherible En Rollo Glossy Dakar 2.40X1.20. Medida indicada: 2.40X1.20. Consulta disponibilidad, cobertura por caja y recomendaciones de instalación.",assets/category-papel-tapiz.jpg
Tapiz,Tapiz Glossy,Tapiz PVC Autoadherible En Rollo Glossy Cape Town 2.40X2.40,M-TAPIZ-G210,500.0,"Tapiz autoadherible con acabado brillante que realza colores, vetas y reflejos. Modelo Tapiz PVC Autoadherible En Rollo Glossy Cape Town 2.40X2.40. Medida indicada: 2.40X2.40. Consulta disponibilidad, cobertura por caja y recomendaciones de instalación.",assets/category-papel-tapiz.jpg
Tapiz,Tapiz Glossy,Tapiz PVC Autoadherible En Rollo Glossy Cairo 2.40X1.20,M-TAPIZ-G152,500.0,"Tapiz autoadherible con acabado brillante que realza colores, vetas y reflejos. Modelo Tapiz PVC Autoadherible En Rollo Glossy Cairo 2.40X1.20. Medida indicada: 2.40X1.20. Consulta disponibilidad, cobertura por caja y recomendaciones de instalación.",assets/category-papel-tapiz.jpg
Tapiz,Tapiz Glossy,Tapiz PVC Autoadherible En Rollo Gllossy Agadir 2.40X1.20,M-TAPIZ-G886,500.0,"Tapiz autoadherible con acabado brillante que realza colores, vetas y reflejos. Modelo Tapiz PVC Autoadherible En Rollo Gllossy Agadir 2.40X1.20. Medida indicada: 2.40X1.20. Consulta disponibilidad, cobertura por caja y recomendaciones de instalación.",assets/category-papel-tapiz.jpg
Tapiz,Tapiz Especial,Tapiz PVC Autoadherible En Rollo Espejo Constantine 2.40X1.20,M-TAPIZ-R028,650.0,"Diseños con efectos espejo, metálicos, acuosos o gráficos para muros de acento. Modelo Tapiz PVC Autoadherible En Rollo Espejo Constantine 2.40X1.20. Medida indicada: 2.40X1.20. Consulta disponibilidad, cobertura por caja y recomendaciones de instalación.",assets/category-papel-tapiz.jpg
Tapiz,Tapiz Especial,Tapiz PVC Autoadherible En Rollo Espejo Alexandria 2.40X1.20,M-TAPIZ-R025,650.0,"Diseños con efectos espejo, metálicos, acuosos o gráficos para muros de acento. Modelo Tapiz PVC Autoadherible En Rollo Espejo Alexandria 2.40X1.20. Medida indicada: 2.40X1.20. Consulta disponibilidad, cobertura por caja y recomendaciones de instalación.",assets/category-papel-tapiz.jpg
Tapiz,Tapiz Especial,Tapiz PVC Autoadherible En Rollo Agua Accra 2.40X1.20,M-TAPIZ-R003,600.0,"Diseños con efectos espejo, metálicos, acuosos o gráficos para muros de acento. Modelo Tapiz PVC Autoadherible En Rollo Agua Accra 2.40X1.20. Medida indicada: 2.40X1.20. Consulta disponibilidad, cobertura por caja y recomendaciones de instalación.",assets/category-papel-tapiz.jpg
Tapiz,Tapiz Especial,Tapiz Autoadherible En Rollo GT Urban Asphalt 2.40X1.20,M-TAPIZ-GT005,500.0,"Diseños con efectos espejo, metálicos, acuosos o gráficos para muros de acento. Modelo Tapiz Autoadherible En Rollo GT Urban Asphalt 2.40X1.20. Medida indicada: 2.40X1.20. Consulta disponibilidad, cobertura por caja y recomendaciones de instalación.",assets/category-papel-tapiz.jpg
Tapiz,Tapiz Especial,Tapiz Autoadherible En Rollo GT Silver Drift 2.40X1.20,M-TAPIZ-GT011,500.0,"Diseños con efectos espejo, metálicos, acuosos o gráficos para muros de acento. Modelo Tapiz Autoadherible En Rollo GT Silver Drift 2.40X1.20. Medida indicada: 2.40X1.20. Consulta disponibilidad, cobertura por caja y recomendaciones de instalación.",assets/category-papel-tapiz.jpg
Tapiz,Tapiz Especial,Tapiz Autoadherible En Rollo GT Sand Rally 2.40X1.20,M-TAPIZ-GT003,500.0,"Diseños con efectos espejo, metálicos, acuosos o gráficos para muros de acento. Modelo Tapiz Autoadherible En Rollo GT Sand Rally 2.40X1.20. Medida indicada: 2.40X1.20. Consulta disponibilidad, cobertura por caja y recomendaciones de instalación.",assets/category-papel-tapiz.jpg
Tapiz,Tapiz Especial,Tapiz Autoadherible En Rollo GT Midnight Track 2.40X1.20,M-TAPIZ-GT007,500.0,"Diseños con efectos espejo, metálicos, acuosos o gráficos para muros de acento. Modelo Tapiz Autoadherible En Rollo GT Midnight Track 2.40X1.20. Medida indicada: 2.40X1.20. Consulta disponibilidad, cobertura por caja y recomendaciones de instalación.",assets/category-papel-tapiz.jpg
Tapiz,Tapiz Especial,Tapiz Autoadherible En Rollo GT Golden Circuit 2.40X1.20,M-TAPIZ-GT013,500.0,"Diseños con efectos espejo, metálicos, acuosos o gráficos para muros de acento. Modelo Tapiz Autoadherible En Rollo GT Golden Circuit 2.40X1.20. Medida indicada: 2.40X1.20. Consulta disponibilidad, cobertura por caja y recomendaciones de instalación.",assets/category-papel-tapiz.jpg
Tapiz,Tapiz Especial,Tapiz Autoadherible En Rollo GT Chrome PUlse 2.40X1.20,M-TAPIZ-GT009,500.0,"Diseños con efectos espejo, metálicos, acuosos o gráficos para muros de acento. Modelo Tapiz Autoadherible En Rollo GT Chrome PUlse 2.40X1.20. Medida indicada: 2.40X1.20. Consulta disponibilidad, cobertura por caja y recomendaciones de instalación.",assets/category-papel-tapiz.jpg
Tapiz,Tapiz Acanalado,Tapiz Acanalado Zira,M-TAPIZ-A004,279.0,"Revestimiento autoadherible con líneas en relieve que aportan textura y profundidad. Modelo Tapiz Acanalado Zira. Consulta disponibilidad, presentación y recomendaciones de instalación.",assets/category-papel-tapiz.jpg
Tapiz,Tapiz Acanalado,Tapiz Acanalado Siltar,M-TAPIZ-A003,279.0,"Revestimiento autoadherible con líneas en relieve que aportan textura y profundidad. Modelo Tapiz Acanalado Siltar. Consulta disponibilidad, presentación y recomendaciones de instalación.",assets/category-papel-tapiz.jpg
Tapiz,Tapiz Acanalado,Tapiz Acanalado Emira,M-TAPIZ-A002,279.0,"Revestimiento autoadherible con líneas en relieve que aportan textura y profundidad. Modelo Tapiz Acanalado Emira. Consulta disponibilidad, presentación y recomendaciones de instalación.",assets/category-papel-tapiz.jpg
Tapiz,Tapiz Acanalado,Tapiz Acanalado Ashra,M-TAPIZ-A001,279.0,"Revestimiento autoadherible con líneas en relieve que aportan textura y profundidad. Modelo Tapiz Acanalado Ashra. Consulta disponibilidad, presentación y recomendaciones de instalación.",assets/category-papel-tapiz.jpg
Accesorios para muros,Complementos para vigas,Tapa Para Viga WPC Exterior Teak,TD-TAPA-T3,50.0,"Tapas, soportes y coples para completar y asegurar la instalación de vigas decorativas. Modelo Tapa Para Viga WPC Exterior Teak. Consulta disponibilidad, presentación y recomendaciones de instalación.",assets/category-vigas.jpg
Accesorios para muros,Complementos para vigas,Tapa Para Viga Exterior Redwwod,TD-TAPA-T2,50.0,"Tapas, soportes y coples para completar y asegurar la instalación de vigas decorativas. Modelo Tapa Para Viga Exterior Redwwod. Consulta disponibilidad, presentación y recomendaciones de instalación.",assets/category-vigas.jpg
Accesorios para muros,Complementos para vigas,Soporte Giratorio Para Viga Interior,,0.0,"Tapas, soportes y coples para completar y asegurar la instalación de vigas decorativas. Modelo Soporte Giratorio Para Viga Interior. Consulta disponibilidad, presentación y recomendaciones de instalación.",assets/category-vigas.jpg
Accesorios para muros,Complementos para vigas,Soporte Giratorio Para Viga Exterior,TD-VIGA-SOPORTE,90.0,"Tapas, soportes y coples para completar y asegurar la instalación de vigas decorativas. Modelo Soporte Giratorio Para Viga Exterior. Consulta disponibilidad, presentación y recomendaciones de instalación.",assets/category-vigas.jpg
Accesorios para muros,Complementos para vigas,Soporte Giratorio Para Viga Exterior 10X5,M-VIGA-SOPORTE,65.0,"Tapas, soportes y coples para completar y asegurar la instalación de vigas decorativas. Modelo Soporte Giratorio Para Viga Exterior 10X5. Medida indicada: 10X5. Consulta disponibilidad, cobertura por caja y recomendaciones de instalación.",assets/category-vigas.jpg
Deck,Accesorios para deck,Plastic Clip Para Decks De WPC,CLIPDECK,0.0,"Clips y piezas de fijación para lograr una instalación firme y uniforme del deck. Modelo Plastic Clip Para Decks De WPC. Consulta disponibilidad, presentación y recomendaciones de instalación.",assets/proyecto-piedra.jpg
Placas,Placas PU réplica,Placa Tronco PU Cafe Replica,M-REPLICA-010,1068.65,"Paneles ligeros de poliuretano que reproducen texturas de piedra, roca o tronco con fácil instalación. Modelo Placa Tronco PU Cafe Replica. Consulta disponibilidad, presentación y recomendaciones de instalación.",assets/proyecto-piedra.jpg
Placas,Placas tipo espejo y metal,Placa Tipo Metal 2.44X1.22,M-ESPEJO-02,1500.0,"Acabados reflejantes o metálicos para acentos decorativos contemporáneos. Modelo Placa Tipo Metal 2.44X1.22. Medida indicada: 2.44X1.22. Consulta disponibilidad, cobertura por caja y recomendaciones de instalación.",assets/category-placas-pvc.jpg
Placas,Placas tipo mármol,Placa Tipo Marol Bright Black 1.22X2.80,M-MARMOL-002,850.0,"Placas decorativas con vetas y apariencia de piedra natural para muros elegantes y de gran formato. Modelo Placa Tipo Marol Bright Black 1.22X2.80. Medida indicada: 1.22X2.80. Consulta disponibilidad, cobertura por caja y recomendaciones de instalación.",assets/category-placas-pvc.jpg
Placas,Placas tipo mármol,Placa Tipo Marmol Zafiro 1.22X2.44,M-MARMOL-006,850.0,"Placas decorativas con vetas y apariencia de piedra natural para muros elegantes y de gran formato. Modelo Placa Tipo Marmol Zafiro 1.22X2.44. Medida indicada: 1.22X2.44. Consulta disponibilidad, cobertura por caja y recomendaciones de instalación.",assets/category-placas-pvc.jpg
Placas,Placas tipo mármol,Placa Tipo Marmol Topacio 1.22X2.44,M-MARMOL-106,850.0,"Placas decorativas con vetas y apariencia de piedra natural para muros elegantes y de gran formato. Modelo Placa Tipo Marmol Topacio 1.22X2.44. Medida indicada: 1.22X2.44. Consulta disponibilidad, cobertura por caja y recomendaciones de instalación.",assets/category-placas-pvc.jpg
Placas,Placas tipo mármol,Placa Tipo Marmol Perla 1.22X2.44,Perla M-MARMOL-042,850.0,"Placas decorativas con vetas y apariencia de piedra natural para muros elegantes y de gran formato. Modelo Placa Tipo Marmol Perla 1.22X2.44. Medida indicada: 1.22X2.44. Consulta disponibilidad, cobertura por caja y recomendaciones de instalación.",assets/category-placas-pvc.jpg
Placas,Placas tipo mármol,Placa Tipo Marmol Opalo 1.22X2.44,M-MARMOL-104,850.0,"Placas decorativas con vetas y apariencia de piedra natural para muros elegantes y de gran formato. Modelo Placa Tipo Marmol Opalo 1.22X2.44. Medida indicada: 1.22X2.44. Consulta disponibilidad, cobertura por caja y recomendaciones de instalación.",assets/category-placas-pvc.jpg
Placas,Placas tipo mármol,Placa Tipo Marmol Onix 1.22X2.44,M-MARMOL-102,850.0,"Placas decorativas con vetas y apariencia de piedra natural para muros elegantes y de gran formato. Modelo Placa Tipo Marmol Onix 1.22X2.44. Medida indicada: 1.22X2.44. Consulta disponibilidad, cobertura por caja y recomendaciones de instalación.",assets/category-placas-pvc.jpg
Placas,Placas tipo mármol,Placa Tipo Marmol Obsidiana 1.22X2.44,M-MARMOL-017,850.0,"Placas decorativas con vetas y apariencia de piedra natural para muros elegantes y de gran formato. Modelo Placa Tipo Marmol Obsidiana 1.22X2.44. Medida indicada: 1.22X2.44. Consulta disponibilidad, cobertura por caja y recomendaciones de instalación.",assets/category-placas-pvc.jpg
Placas,Placas tipo mármol,Placa Tipo Marmol Jasper,M-MARMOL-108,850.0,"Placas decorativas con vetas y apariencia de piedra natural para muros elegantes y de gran formato. Modelo Placa Tipo Marmol Jasper. Consulta disponibilidad, presentación y recomendaciones de instalación.",assets/category-placas-pvc.jpg
Placas,Placas tipo mármol,Placa Tipo Marmol Grande Zafiro 1.22X2.80,M-MARMOLXX-006,0.0,"Placas decorativas con vetas y apariencia de piedra natural para muros elegantes y de gran formato. Modelo Placa Tipo Marmol Grande Zafiro 1.22X2.80. Medida indicada: 1.22X2.80. Consulta disponibilidad, cobertura por caja y recomendaciones de instalación.",assets/category-placas-pvc.jpg
Placas,Placas tipo mármol,Placa Tipo Marmol Grande Opalo 1.22X2.80,M-MARMOLXX-104,0.0,"Placas decorativas con vetas y apariencia de piedra natural para muros elegantes y de gran formato. Modelo Placa Tipo Marmol Grande Opalo 1.22X2.80. Medida indicada: 1.22X2.80. Consulta disponibilidad, cobertura por caja y recomendaciones de instalación.",assets/category-placas-pvc.jpg
Placas,Placas tipo mármol,Placa Tipo Marmol Grande Onix 1.22X2.80,M-MARMOLXX-102,0.0,"Placas decorativas con vetas y apariencia de piedra natural para muros elegantes y de gran formato. Modelo Placa Tipo Marmol Grande Onix 1.22X2.80. Medida indicada: 1.22X2.80. Consulta disponibilidad, cobertura por caja y recomendaciones de instalación.",assets/category-placas-pvc.jpg
Placas,Placas tipo mármol,Placa Tipo Marmol Grande Grafito 1.22X2.80,M-MARMOLXX-014,950.0,"Placas decorativas con vetas y apariencia de piedra natural para muros elegantes y de gran formato. Modelo Placa Tipo Marmol Grande Grafito 1.22X2.80. Medida indicada: 1.22X2.80. Consulta disponibilidad, cobertura por caja y recomendaciones de instalación.",assets/category-placas-pvc.jpg
Placas,Placas tipo mármol,Placa Tipo Marmol Grande Agata 1.22X2.80,M-MARMOLXX-059,950.0,"Placas decorativas con vetas y apariencia de piedra natural para muros elegantes y de gran formato. Modelo Placa Tipo Marmol Grande Agata 1.22X2.80. Medida indicada: 1.22X2.80. Consulta disponibilidad, cobertura por caja y recomendaciones de instalación.",assets/category-placas-pvc.jpg
Placas,Placas tipo mármol,Placa Tipo Marmol Grafito 1.22X2.44,M-MARMOL-014,850.0,"Placas decorativas con vetas y apariencia de piedra natural para muros elegantes y de gran formato. Modelo Placa Tipo Marmol Grafito 1.22X2.44. Medida indicada: 1.22X2.44. Consulta disponibilidad, cobertura por caja y recomendaciones de instalación.",assets/category-placas-pvc.jpg
Placas,Placas tipo mármol,Placa Tipo Marmol Caurzo 1.22X2.44,M-MARMOL-048,850.0,"Placas decorativas con vetas y apariencia de piedra natural para muros elegantes y de gran formato. Modelo Placa Tipo Marmol Caurzo 1.22X2.44. Medida indicada: 1.22X2.44. Consulta disponibilidad, cobertura por caja y recomendaciones de instalación.",assets/category-placas-pvc.jpg
Placas,Placas tipo mármol,Placa Tipo Marmol Carrara Oscuro 1.22X2.44,M-MARMOL-110,850.0,"Placas decorativas con vetas y apariencia de piedra natural para muros elegantes y de gran formato. Modelo Placa Tipo Marmol Carrara Oscuro 1.22X2.44. Medida indicada: 1.22X2.44. Consulta disponibilidad, cobertura por caja y recomendaciones de instalación.",assets/category-placas-pvc.jpg
Placas,Placas tipo mármol,Placa Tipo Marmol Bright White 1.22X2.44,M-MARMOL-001,850.0,"Placas decorativas con vetas y apariencia de piedra natural para muros elegantes y de gran formato. Modelo Placa Tipo Marmol Bright White 1.22X2.44. Medida indicada: 1.22X2.44. Consulta disponibilidad, cobertura por caja y recomendaciones de instalación.",assets/category-placas-pvc.jpg
Placas,Placas tipo mármol,Placa Tipo Marmol Aurora Dorada 1.22X2.44,M-MARMOL-100,850.0,"Placas decorativas con vetas y apariencia de piedra natural para muros elegantes y de gran formato. Modelo Placa Tipo Marmol Aurora Dorada 1.22X2.44. Medida indicada: 1.22X2.44. Consulta disponibilidad, cobertura por caja y recomendaciones de instalación.",assets/category-placas-pvc.jpg
Placas,Placas tipo mármol,Placa Tipo Marmol Arena,M-MARMOL-020,850.0,"Placas decorativas con vetas y apariencia de piedra natural para muros elegantes y de gran formato. Modelo Placa Tipo Marmol Arena. Consulta disponibilidad, presentación y recomendaciones de instalación.",assets/category-placas-pvc.jpg
Placas,Placas tipo mármol,Placa Tipo Marmol Agata 2.44X1.22,M-MARMOL-059,850.0,"Placas decorativas con vetas y apariencia de piedra natural para muros elegantes y de gran formato. Modelo Placa Tipo Marmol Agata 2.44X1.22. Medida indicada: 2.44X1.22. Consulta disponibilidad, cobertura por caja y recomendaciones de instalación.",assets/category-placas-pvc.jpg
Placas,Placas tipo mármol,Placa Tipo Marmol 1.22X2.44,,0.0,"Placas decorativas con vetas y apariencia de piedra natural para muros elegantes y de gran formato. Modelo Placa Tipo Marmol 1.22X2.44. Medida indicada: 1.22X2.44. Consulta disponibilidad, cobertura por caja y recomendaciones de instalación.",assets/category-placas-pvc.jpg
Placas,Placas tipo madera,Placa Tipo Madeta Adler 1.22X2.44,M-MADERA-029,850.0,"Paneles con acabados inspirados en madera para crear ambientes cálidos y modernos. Modelo Placa Tipo Madeta Adler 1.22X2.44. Medida indicada: 1.22X2.44. Consulta disponibilidad, cobertura por caja y recomendaciones de instalación.",assets/proyecto-walnut.jpg
Placas,Placas tipo madera,Placa Tipo Madera Solden 2.44X1.22,M-MADERA-027,850.0,"Paneles con acabados inspirados en madera para crear ambientes cálidos y modernos. Modelo Placa Tipo Madera Solden 2.44X1.22. Medida indicada: 2.44X1.22. Consulta disponibilidad, cobertura por caja y recomendaciones de instalación.",assets/proyecto-walnut.jpg
Placas,Placas tipo madera,Placa Tipo Madera Solaria 2.44X1.22,M-MADERA-021,850.0,"Paneles con acabados inspirados en madera para crear ambientes cálidos y modernos. Modelo Placa Tipo Madera Solaria 2.44X1.22. Medida indicada: 2.44X1.22. Consulta disponibilidad, cobertura por caja y recomendaciones de instalación.",assets/proyecto-walnut.jpg
Placas,Placas tipo madera,Placa Tipo Madera Anton 2.44X1.22,M-MADERA-023,850.0,"Paneles con acabados inspirados en madera para crear ambientes cálidos y modernos. Modelo Placa Tipo Madera Anton 2.44X1.22. Medida indicada: 2.44X1.22. Consulta disponibilidad, cobertura por caja y recomendaciones de instalación.",assets/proyecto-walnut.jpg
Placas,Placas tipo madera,Placa Tipo Madera Anton 1.22X2.44,,850.0,"Paneles con acabados inspirados en madera para crear ambientes cálidos y modernos. Modelo Placa Tipo Madera Anton 1.22X2.44. Medida indicada: 1.22X2.44. Consulta disponibilidad, cobertura por caja y recomendaciones de instalación.",assets/proyecto-walnut.jpg
Placas,Placas tipo madera,Placa Tipo Madera Alpina 2.44X1.22,M-MADERA-025,850.0,"Paneles con acabados inspirados en madera para crear ambientes cálidos y modernos. Modelo Placa Tipo Madera Alpina 2.44X1.22. Medida indicada: 2.44X1.22. Consulta disponibilidad, cobertura por caja y recomendaciones de instalación.",assets/proyecto-walnut.jpg
Placas,Placas tipo espejo y metal,Placa Tipo Espejo 2.44X1.22,M-ESPEJO-01,1500.0,"Acabados reflejantes o metálicos para acentos decorativos contemporáneos. Modelo Placa Tipo Espejo 2.44X1.22. Medida indicada: 2.44X1.22. Consulta disponibilidad, cobertura por caja y recomendaciones de instalación.",assets/category-placas-pvc.jpg
Placas,Placas texturizadas,Placa Texturizada Tipo Madera Wenge,M-TEXTURA-023,850.0,"Placas con relieve visible que aportan profundidad y un acabado táctil a los muros. Modelo Placa Texturizada Tipo Madera Wenge. Consulta disponibilidad, presentación y recomendaciones de instalación.",assets/proyecto-piedra.jpg
Placas,Placas texturizadas,Placa Texturizada Tipo Madera Jatoba,M-TEXTURA-019,850.0,"Placas con relieve visible que aportan profundidad y un acabado táctil a los muros. Modelo Placa Texturizada Tipo Madera Jatoba. Consulta disponibilidad, presentación y recomendaciones de instalación.",assets/proyecto-piedra.jpg
Placas,Placas texturizadas,Placa Texturizada Tipo Madera Ipe,M-TEXTURA-017,850.0,"Placas con relieve visible que aportan profundidad y un acabado táctil a los muros. Modelo Placa Texturizada Tipo Madera Ipe. Consulta disponibilidad, presentación y recomendaciones de instalación.",assets/proyecto-piedra.jpg
Placas,Placas texturizadas,Placa Texturizada Tipo Madera Encino,M-TEXTURA-015,850.0,"Placas con relieve visible que aportan profundidad y un acabado táctil a los muros. Modelo Placa Texturizada Tipo Madera Encino. Consulta disponibilidad, presentación y recomendaciones de instalación.",assets/proyecto-piedra.jpg
Placas,Placas texturizadas,Placa Texturizada Tipo Madera Cedar,,0.0,"Placas con relieve visible que aportan profundidad y un acabado táctil a los muros. Modelo Placa Texturizada Tipo Madera Cedar. Consulta disponibilidad, presentación y recomendaciones de instalación.",assets/proyecto-piedra.jpg
Placas,Placas texturizadas,Placa Texturizada Tipo Madera Brasilia,,0.0,"Placas con relieve visible que aportan profundidad y un acabado táctil a los muros. Modelo Placa Texturizada Tipo Madera Brasilia. Consulta disponibilidad, presentación y recomendaciones de instalación.",assets/proyecto-piedra.jpg
Placas,Placas texturizadas,Placa Texturizada Tipo Madera Ash,M-TEXTURA-011,850.0,"Placas con relieve visible que aportan profundidad y un acabado táctil a los muros. Modelo Placa Texturizada Tipo Madera Ash. Consulta disponibilidad, presentación y recomendaciones de instalación.",assets/proyecto-piedra.jpg
Placas,Placas texturizadas,Placa Texturizada Tipo De Madera Nogal,M-TEXTURA-021,850.0,"Placas con relieve visible que aportan profundidad y un acabado táctil a los muros. Modelo Placa Texturizada Tipo De Madera Nogal. Consulta disponibilidad, presentación y recomendaciones de instalación.",assets/proyecto-piedra.jpg
Placas,Placas texturizadas,Placa Texturizada Madera Rio,M-TEXTURA-201,850.0,"Placas con relieve visible que aportan profundidad y un acabado táctil a los muros. Modelo Placa Texturizada Madera Rio. Consulta disponibilidad, presentación y recomendaciones de instalación.",assets/proyecto-piedra.jpg
Placas,Placas PU réplica,Placa PU Rocca Gray 1.20X0.60X3.5,M-ROCCA-005,430.0,"Paneles ligeros de poliuretano que reproducen texturas de piedra, roca o tronco con fácil instalación. Modelo Placa PU Rocca Gray 1.20X0.60X3.5. Medida indicada: 1.20X0.60X3.5. Consulta disponibilidad, cobertura por caja y recomendaciones de instalación.",assets/proyecto-piedra.jpg
Placas,Placas PU réplica,Placa PU Rocca Black 1.20X0.60X3.5,M-ROCCA-001,430.0,"Paneles ligeros de poliuretano que reproducen texturas de piedra, roca o tronco con fácil instalación. Modelo Placa PU Rocca Black 1.20X0.60X3.5. Medida indicada: 1.20X0.60X3.5. Consulta disponibilidad, cobertura por caja y recomendaciones de instalación.",assets/proyecto-piedra.jpg
Placas,Placas PU réplica,Placa Piedra PU Replica Negra,M-REPLICA-015,1635.0,"Paneles ligeros de poliuretano que reproducen texturas de piedra, roca o tronco con fácil instalación. Modelo Placa Piedra PU Replica Negra. Consulta disponibilidad, presentación y recomendaciones de instalación.",assets/proyecto-piedra.jpg
Placas,Placas tipo espejo y metal,Placa Espejo Dorado 2.44X1.22,M-ESPEJO-03,1500.0,"Acabados reflejantes o metálicos para acentos decorativos contemporáneos. Modelo Placa Espejo Dorado 2.44X1.22. Medida indicada: 2.44X1.22. Consulta disponibilidad, cobertura por caja y recomendaciones de instalación.",assets/category-placas-pvc.jpg
Pisos,Piso vinílico WPC,Piso Vinilico WPC Norwell,LC-LVTW-8710,0.0,"Piso vinílico con núcleo WPC que combina confort, estabilidad y apariencia tipo madera. Modelo Piso Vinilico WPC Norwell. Consulta disponibilidad, presentación y recomendaciones de instalación.",assets/proyecto-walnut.jpg
Pisos,Piso vinílico WPC,Piso Vinilico WPC Canberra,LC-LVTW-0512,0.0,"Piso vinílico con núcleo WPC que combina confort, estabilidad y apariencia tipo madera. Modelo Piso Vinilico WPC Canberra. Consulta disponibilidad, presentación y recomendaciones de instalación.",assets/proyecto-walnut.jpg
Pisos,Piso vinílico WPC,Piso Vinilico WPC Albany Creek,LC-LVTW-0628,0.0,"Piso vinílico con núcleo WPC que combina confort, estabilidad y apariencia tipo madera. Modelo Piso Vinilico WPC Albany Creek. Consulta disponibilidad, presentación y recomendaciones de instalación.",assets/proyecto-walnut.jpg
Pisos,Piso vinílico LVT Urbana,Piso Vinilico Urbana LVT Viena,LC-LVT3-DW3222,1200.0,"Losetas vinílicas de la colección Urbana con diseños contemporáneos y fácil mantenimiento. Modelo Piso Vinilico Urbana LVT Viena. Consulta disponibilidad, presentación y recomendaciones de instalación.",assets/proyecto-walnut.jpg
Pisos,Piso vinílico LVT Urbana,Piso Vinilico Urbana LVT Rowe,LC-LVT-DW3113,1200.0,"Losetas vinílicas de la colección Urbana con diseños contemporáneos y fácil mantenimiento. Modelo Piso Vinilico Urbana LVT Rowe. Consulta disponibilidad, presentación y recomendaciones de instalación.",assets/proyecto-walnut.jpg
Pisos,Piso vinílico LVT Urbana,Piso Vinilico Urbana LVT Roma,LC-LVT3-DW3252,1200.0,"Losetas vinílicas de la colección Urbana con diseños contemporáneos y fácil mantenimiento. Modelo Piso Vinilico Urbana LVT Roma. Consulta disponibilidad, presentación y recomendaciones de instalación.",assets/proyecto-walnut.jpg
Pisos,Piso vinílico LVT Urbana,Piso Vinilico Urbana LVT Praga,,0.0,"Losetas vinílicas de la colección Urbana con diseños contemporáneos y fácil mantenimiento. Modelo Piso Vinilico Urbana LVT Praga. Consulta disponibilidad, presentación y recomendaciones de instalación.",assets/proyecto-walnut.jpg
Pisos,Piso vinílico LVT Urbana,Piso Vinilico Urbana LVT Londres,LC-LVT3-DW3212,1200.0,"Losetas vinílicas de la colección Urbana con diseños contemporáneos y fácil mantenimiento. Modelo Piso Vinilico Urbana LVT Londres. Consulta disponibilidad, presentación y recomendaciones de instalación.",assets/proyecto-walnut.jpg
Pisos,Piso vinílico LVT Urbana,Piso Vinilico Urbana LVT Berlin,LC-LVT3-DW3260,1200.0,"Losetas vinílicas de la colección Urbana con diseños contemporáneos y fácil mantenimiento. Modelo Piso Vinilico Urbana LVT Berlin. Consulta disponibilidad, presentación y recomendaciones de instalación.",assets/proyecto-walnut.jpg
Pisos,Piso vinílico SPC,Piso Vinilico SPC Sillverstone,TS-SPC5-8858,950.0,"Piso de núcleo rígido SPC, estable y resistente, ideal para áreas de uso frecuente. Modelo Piso Vinilico SPC Sillverstone. Consulta disponibilidad, presentación y recomendaciones de instalación.",assets/proyecto-walnut.jpg
Pisos,Piso vinílico SPC,Piso Vinilico SPC Parklan,TS-SPC5-8103,950.0,"Piso de núcleo rígido SPC, estable y resistente, ideal para áreas de uso frecuente. Modelo Piso Vinilico SPC Parklan. Consulta disponibilidad, presentación y recomendaciones de instalación.",assets/proyecto-walnut.jpg
Pisos,Piso vinílico SPC,Piso Vinilico SPC Futura Deluxe Sterling Silvester,TS-SPC5F-0412,1300.0,"Piso de núcleo rígido SPC, estable y resistente, ideal para áreas de uso frecuente. Modelo Piso Vinilico SPC Futura Deluxe Sterling Silvester. Consulta disponibilidad, presentación y recomendaciones de instalación.",assets/proyecto-walnut.jpg
Pisos,Piso vinílico SPC,Piso Vinilico SPC Futura Deluxe Sterling Oak,TS-SPC4-1969,1100.0,"Piso de núcleo rígido SPC, estable y resistente, ideal para áreas de uso frecuente. Modelo Piso Vinilico SPC Futura Deluxe Sterling Oak. Consulta disponibilidad, presentación y recomendaciones de instalación.",assets/proyecto-walnut.jpg
Pisos,Piso vinílico SPC,Piso Vinilico SPC Futura Deluxe Nomadic,TS-SPC4-8852,1100.0,"Piso de núcleo rígido SPC, estable y resistente, ideal para áreas de uso frecuente. Modelo Piso Vinilico SPC Futura Deluxe Nomadic. Consulta disponibilidad, presentación y recomendaciones de instalación.",assets/proyecto-walnut.jpg
Pisos,Piso vinílico SPC,Piso Vinilico SPC Futura Deluxe Mineral Gray,TS-SPC5F-6818,1300.0,"Piso de núcleo rígido SPC, estable y resistente, ideal para áreas de uso frecuente. Modelo Piso Vinilico SPC Futura Deluxe Mineral Gray. Consulta disponibilidad, presentación y recomendaciones de instalación.",assets/proyecto-walnut.jpg
Pisos,Piso vinílico SPC,Piso Vinilico SPC Futura Deluxe Expresso,TS-SPC4-8012,1100.0,"Piso de núcleo rígido SPC, estable y resistente, ideal para áreas de uso frecuente. Modelo Piso Vinilico SPC Futura Deluxe Expresso. Consulta disponibilidad, presentación y recomendaciones de instalación.",assets/proyecto-walnut.jpg
Pisos,Piso vinílico SPC,Piso Vinilico SPC Forest Yodemite,TS-SPC6.A0813,0.0,"Piso de núcleo rígido SPC, estable y resistente, ideal para áreas de uso frecuente. Modelo Piso Vinilico SPC Forest Yodemite. Consulta disponibilidad, presentación y recomendaciones de instalación.",assets/proyecto-walnut.jpg
Pisos,Piso vinílico SPC,Piso Vinilico SPC Forest Tongass,TS-SPC6.5A0231,1400.0,"Piso de núcleo rígido SPC, estable y resistente, ideal para áreas de uso frecuente. Modelo Piso Vinilico SPC Forest Tongass. Consulta disponibilidad, presentación y recomendaciones de instalación.",assets/proyecto-walnut.jpg
Pisos,Piso vinílico SPC,Piso Vinilico SPC Forest Jasper,TS-SPC6.A0224,0.0,"Piso de núcleo rígido SPC, estable y resistente, ideal para áreas de uso frecuente. Modelo Piso Vinilico SPC Forest Jasper. Consulta disponibilidad, presentación y recomendaciones de instalación.",assets/proyecto-walnut.jpg
Pisos,Piso vinílico SPC,Piso Vinilico SPC Forest Delamere,TS-SPC6.5-A0217,1400.0,"Piso de núcleo rígido SPC, estable y resistente, ideal para áreas de uso frecuente. Modelo Piso Vinilico SPC Forest Delamere. Consulta disponibilidad, presentación y recomendaciones de instalación.",assets/proyecto-walnut.jpg
Pisos,Piso vinílico SPC,Piso Vinilico SPC Forest Dalby,TS-SPC6.5-A0173,1400.0,"Piso de núcleo rígido SPC, estable y resistente, ideal para áreas de uso frecuente. Modelo Piso Vinilico SPC Forest Dalby. Consulta disponibilidad, presentación y recomendaciones de instalación.",assets/proyecto-walnut.jpg
Pisos,Piso vinílico SPC,Piso Vinilico SPC Concrete,TS-SPC6.5C-O1709,1200.0,"Piso de núcleo rígido SPC, estable y resistente, ideal para áreas de uso frecuente. Modelo Piso Vinilico SPC Concrete. Consulta disponibilidad, presentación y recomendaciones de instalación.",assets/proyecto-walnut.jpg
Pisos,Piso vinílico SPC,Piso Vinilico SPC Concrete Lite,TS-SPC6.5C-V2307,1200.0,"Piso de núcleo rígido SPC, estable y resistente, ideal para áreas de uso frecuente. Modelo Piso Vinilico SPC Concrete Lite. Consulta disponibilidad, presentación y recomendaciones de instalación.",assets/proyecto-walnut.jpg
Pisos,Piso vinílico SPC,Piso Vinilico SPC Colorado Rush,TS-SPC5-0210,950.0,"Piso de núcleo rígido SPC, estable y resistente, ideal para áreas de uso frecuente. Modelo Piso Vinilico SPC Colorado Rush. Consulta disponibilidad, presentación y recomendaciones de instalación.",assets/proyecto-walnut.jpg
Pisos,Piso vinílico SPC,Piso Vinilico SPC Banff,TS-SPC5-8856,950.0,"Piso de núcleo rígido SPC, estable y resistente, ideal para áreas de uso frecuente. Modelo Piso Vinilico SPC Banff. Consulta disponibilidad, presentación y recomendaciones de instalación.",assets/proyecto-walnut.jpg
Pisos,Piso vinílico SPC,Piso Vinilico SPC Ashlar Gray,TS-SPC4-9163,1100.0,"Piso de núcleo rígido SPC, estable y resistente, ideal para áreas de uso frecuente. Modelo Piso Vinilico SPC Ashlar Gray. Consulta disponibilidad, presentación y recomendaciones de instalación.",assets/proyecto-walnut.jpg
Pisos,Piso vinílico SPC,Piso Vinilico SPC Amazon,TS-SPC5-9221,950.0,"Piso de núcleo rígido SPC, estable y resistente, ideal para áreas de uso frecuente. Modelo Piso Vinilico SPC Amazon. Consulta disponibilidad, presentación y recomendaciones de instalación.",assets/proyecto-walnut.jpg
Pisos,Piso vinílico LVT Woodstock,Piso Vinilico LVT Woodstock Vermillion,LC-LVT-DW1331,1200.0,"Piso LVT de apariencia tipo madera, práctico para espacios residenciales o comerciales. Modelo Piso Vinilico LVT Woodstock Vermillion. Consulta disponibilidad, presentación y recomendaciones de instalación.",assets/proyecto-walnut.jpg
Pisos,Piso vinílico LVT Woodstock,Piso Vinilico LVT Woodstock Storm Lake,LC-LVT-DW1502,1200.0,"Piso LVT de apariencia tipo madera, práctico para espacios residenciales o comerciales. Modelo Piso Vinilico LVT Woodstock Storm Lake. Consulta disponibilidad, presentación y recomendaciones de instalación.",assets/proyecto-walnut.jpg
Pisos,Piso vinílico LVT Woodstock,Piso Vinilico LVT Woodstock Shelby,LC-LVT-DW3161,1200.0,"Piso LVT de apariencia tipo madera, práctico para espacios residenciales o comerciales. Modelo Piso Vinilico LVT Woodstock Shelby. Consulta disponibilidad, presentación y recomendaciones de instalación.",assets/proyecto-walnut.jpg
Pisos,Piso vinílico LVT Woodstock,Piso Vinilico LVT Woodstock Norfolk,LC-LVT2-DW3154,0.0,"Piso LVT de apariencia tipo madera, práctico para espacios residenciales o comerciales. Modelo Piso Vinilico LVT Woodstock Norfolk. Consulta disponibilidad, presentación y recomendaciones de instalación.",assets/proyecto-walnut.jpg
Pisos,Piso vinílico LVT Woodstock,Piso Vinilico LVT Woodstock Luverne,LC-LVT-DW8114,1200.0,"Piso LVT de apariencia tipo madera, práctico para espacios residenciales o comerciales. Modelo Piso Vinilico LVT Woodstock Luverne. Consulta disponibilidad, presentación y recomendaciones de instalación.",assets/proyecto-walnut.jpg
Pisos,Piso vinílico LVT Woodstock,Piso Vinilico LVT Woodstock Loess Hills,LC-LVT-DW1902,1200.0,"Piso LVT de apariencia tipo madera, práctico para espacios residenciales o comerciales. Modelo Piso Vinilico LVT Woodstock Loess Hills. Consulta disponibilidad, presentación y recomendaciones de instalación.",assets/proyecto-walnut.jpg
Pisos,Piso vinílico LVT Woodstock,Piso Vinilico LVT Woodstock Chariton,LC-LVT-DW1351,1200.0,"Piso LVT de apariencia tipo madera, práctico para espacios residenciales o comerciales. Modelo Piso Vinilico LVT Woodstock Chariton. Consulta disponibilidad, presentación y recomendaciones de instalación.",assets/proyecto-walnut.jpg
Pisos,Piso vinílico LVT Woodstock,Piso Vinilico LVT Woodstock Aurora,LC-LVT-DW3170,1200.0,"Piso LVT de apariencia tipo madera, práctico para espacios residenciales o comerciales. Modelo Piso Vinilico LVT Woodstock Aurora. Consulta disponibilidad, presentación y recomendaciones de instalación.",assets/proyecto-walnut.jpg
Pisos,Piso vinílico LVT Woodstock,Piso Vinilico LVT Woodstock Auburn,LC-LVT-DW1401,1200.0,"Piso LVT de apariencia tipo madera, práctico para espacios residenciales o comerciales. Modelo Piso Vinilico LVT Woodstock Auburn. Consulta disponibilidad, presentación y recomendaciones de instalación.",assets/proyecto-walnut.jpg
Pisos,Piso vinílico LVT Woodstock,Piso Vinilico LVT Woodstock Ames,LC-LVT-DW1904,1200.0,"Piso LVT de apariencia tipo madera, práctico para espacios residenciales o comerciales. Modelo Piso Vinilico LVT Woodstock Ames. Consulta disponibilidad, presentación y recomendaciones de instalación.",assets/proyecto-walnut.jpg
Pisos,Piso vinílico LVT Woodstock,Piso Vinilico LVT Woodstock Albia,LC-LVT-DW1341,1200.0,"Piso LVT de apariencia tipo madera, práctico para espacios residenciales o comerciales. Modelo Piso Vinilico LVT Woodstock Albia. Consulta disponibilidad, presentación y recomendaciones de instalación.",assets/proyecto-walnut.jpg
Pisos,Piso vinílico LVT Woodstock,Piso Vinilico LVT Woodstock Adel,LC-LVT-DW1906,1200.0,"Piso LVT de apariencia tipo madera, práctico para espacios residenciales o comerciales. Modelo Piso Vinilico LVT Woodstock Adel. Consulta disponibilidad, presentación y recomendaciones de instalación.",assets/proyecto-walnut.jpg
Pisos,Piso vinílico LVT Woodstock 2,Piso Vinilico LVT Woodstock2 Tecton,LC-LVT-DW3301,1200.0,"Segunda colección Woodstock con tonos modernos y formato vinílico de fácil cuidado. Modelo Piso Vinilico LVT Woodstock2 Tecton. Consulta disponibilidad, presentación y recomendaciones de instalación.",assets/proyecto-walnut.jpg
Pisos,Piso vinílico LVT Woodstock 2,Piso Vinilico LVT Woodstock2 Sonder,LC-LVT-DW3210,1200.0,"Segunda colección Woodstock con tonos modernos y formato vinílico de fácil cuidado. Modelo Piso Vinilico LVT Woodstock2 Sonder. Consulta disponibilidad, presentación y recomendaciones de instalación.",assets/proyecto-walnut.jpg
Pisos,Piso vinílico LVT Woodstock 2,Piso Vinilico LVT Woodstock2 Pristine,LC-LVT-DW3401,1200.0,"Segunda colección Woodstock con tonos modernos y formato vinílico de fácil cuidado. Modelo Piso Vinilico LVT Woodstock2 Pristine. Consulta disponibilidad, presentación y recomendaciones de instalación.",assets/proyecto-walnut.jpg
Pisos,Piso vinílico LVT Woodstock 2,Piso Vinilico LVT Woodstock2 Nifty,LC-LVT-DW3300,1200.0,"Segunda colección Woodstock con tonos modernos y formato vinílico de fácil cuidado. Modelo Piso Vinilico LVT Woodstock2 Nifty. Consulta disponibilidad, presentación y recomendaciones de instalación.",assets/proyecto-walnut.jpg
Pisos,Piso vinílico LVT Woodstock 2,Piso Vinilico LVT Woodstock2 Epoch,LC-LVT-DW3324,1200.0,"Segunda colección Woodstock con tonos modernos y formato vinílico de fácil cuidado. Modelo Piso Vinilico LVT Woodstock2 Epoch. Consulta disponibilidad, presentación y recomendaciones de instalación.",assets/proyecto-walnut.jpg
Pisos,Piso vinílico LVT Woodstock 2,Piso Vinilico LVT Woodstock2 Elixir,LC-LVT-DW3340,1200.0,"Segunda colección Woodstock con tonos modernos y formato vinílico de fácil cuidado. Modelo Piso Vinilico LVT Woodstock2 Elixir. Consulta disponibilidad, presentación y recomendaciones de instalación.",assets/proyecto-walnut.jpg
Pisos,Piso vinílico LVT Woodlane,Piso Vinilico LVT Woodlane Rochester,LC-LVT2-DW3153,0.0,"Colección vinílica con diseños inspirados en madera y una superficie práctica para uso diario. Modelo Piso Vinilico LVT Woodlane Rochester. Consulta disponibilidad, presentación y recomendaciones de instalación.",assets/proyecto-walnut.jpg
Pisos,Piso vinílico LVT Woodlane,Piso Vinilico LVT Woodlane Davenport,LC-LVT2-DW1794,0.0,"Colección vinílica con diseños inspirados en madera y una superficie práctica para uso diario. Modelo Piso Vinilico LVT Woodlane Davenport. Consulta disponibilidad, presentación y recomendaciones de instalación.",assets/proyecto-walnut.jpg
Pisos,Piso vinílico LVT Woodlane,Piso Vinilico LVT Woodlane Columbia,LC-LVT2-DW1170,0.0,"Colección vinílica con diseños inspirados en madera y una superficie práctica para uso diario. Modelo Piso Vinilico LVT Woodlane Columbia. Consulta disponibilidad, presentación y recomendaciones de instalación.",assets/proyecto-walnut.jpg
Pisos,Piso vinílico LVT Woodlane,Piso Vinilico LVT Woodlane Autin,LC-LVT2-DW3111,0.0,"Colección vinílica con diseños inspirados en madera y una superficie práctica para uso diario. Modelo Piso Vinilico LVT Woodlane Autin. Consulta disponibilidad, presentación y recomendaciones de instalación.",assets/proyecto-walnut.jpg
Pisos,Piso vinílico LVT Woodlane,Piso Vinilico LVT Woodlane Aberdeen,LC-LVT2-DW2702,0.0,"Colección vinílica con diseños inspirados en madera y una superficie práctica para uso diario. Modelo Piso Vinilico LVT Woodlane Aberdeen. Consulta disponibilidad, presentación y recomendaciones de instalación.",assets/proyecto-walnut.jpg
Pisos,Piso vinílico LVT Urbana,Piso Vinilico LVT Urbana Madrid,LC-LVT3-DW2221,1200.0,"Losetas vinílicas de la colección Urbana con diseños contemporáneos y fácil mantenimiento. Modelo Piso Vinilico LVT Urbana Madrid. Consulta disponibilidad, presentación y recomendaciones de instalación.",assets/proyecto-walnut.jpg
Pisos,Piso vinílico LVT Urbana,Piso Viniilico Urbana Ltv Paris,LC-LVT3-DW3230,1200.0,"Losetas vinílicas de la colección Urbana con diseños contemporáneos y fácil mantenimiento. Modelo Piso Viniilico Urbana Ltv Paris. Consulta disponibilidad, presentación y recomendaciones de instalación.",assets/proyecto-walnut.jpg
Pisos,Piso vinílico SPC,Piso Venilico SPC Forest Alberta,TS-SPC6.5-A0060,1400.0,"Piso de núcleo rígido SPC, estable y resistente, ideal para áreas de uso frecuente. Modelo Piso Venilico SPC Forest Alberta. Consulta disponibilidad, presentación y recomendaciones de instalación.",assets/proyecto-walnut.jpg
Pisos,Piso laminado,Piso Laminado Walnut,TS4CL7-7652,650.0,"Pisos laminados en variedad de tonos y texturas, de instalación práctica y mantenimiento sencillo. Modelo Piso Laminado Walnut. Consulta disponibilidad, presentación y recomendaciones de instalación.",assets/proyecto-walnut.jpg
Pisos,Piso laminado,Piso Laminado Walnut Sabo 1.38X1.93,TS4DS7-4367-A,700.0,"Pisos laminados en variedad de tonos y texturas, de instalación práctica y mantenimiento sencillo. Modelo Piso Laminado Walnut Sabo 1.38X1.93. Medida indicada: 1.38X1.93. Consulta disponibilidad, cobertura por caja y recomendaciones de instalación.",assets/proyecto-walnut.jpg
Pisos,Piso laminado Vintage,Piso Laminado Vintage Shades Titanium Oak 1.38X1.93,TS4SH7-7718,0.0,"Pisos laminados con diseños de inspiración clásica y vetas marcadas. Modelo Piso Laminado Vintage Shades Titanium Oak 1.38X1.93. Medida indicada: 1.38X1.93. Consulta disponibilidad, cobertura por caja y recomendaciones de instalación.",assets/proyecto-walnut.jpg
Pisos,Piso laminado Vintage,Piso Laminado Vintage Shades Oak Cabana Lagos 1.38X.93,TS4SH7-2217-A,0.0,"Pisos laminados con diseños de inspiración clásica y vetas marcadas. Modelo Piso Laminado Vintage Shades Oak Cabana Lagos 1.38X.93. Consulta disponibilidad, presentación y recomendaciones de instalación.",assets/proyecto-walnut.jpg
Pisos,Piso laminado Vintage,Piso Laminado Vintage Shades Hickory Carolina 1.38X1.93,TS4SH7-5756-A,0.0,"Pisos laminados con diseños de inspiración clásica y vetas marcadas. Modelo Piso Laminado Vintage Shades Hickory Carolina 1.38X1.93. Medida indicada: 1.38X1.93. Consulta disponibilidad, cobertura por caja y recomendaciones de instalación.",assets/proyecto-walnut.jpg
Pisos,Piso laminado Vintage,Piso Laminado Vintage Heritage Revolution Oak 1.38X1.59,TS4HE10-34029,800.0,"Pisos laminados con diseños de inspiración clásica y vetas marcadas. Modelo Piso Laminado Vintage Heritage Revolution Oak 1.38X1.59. Medida indicada: 1.38X1.59. Consulta disponibilidad, cobertura por caja y recomendaciones de instalación.",assets/proyecto-walnut.jpg
Pisos,Piso laminado Vintage,Piso Laminado Vintage Heritage Plantation Oak 1.38X1.59,TS4HE10-34074,800.0,"Pisos laminados con diseños de inspiración clásica y vetas marcadas. Modelo Piso Laminado Vintage Heritage Plantation Oak 1.38X1.59. Medida indicada: 1.38X1.59. Consulta disponibilidad, cobertura por caja y recomendaciones de instalación.",assets/proyecto-walnut.jpg
Pisos,Piso laminado Vintage,Piso Laminado Vintage Heritage Independence Oak 1.38X1.59,TS4HE10-34054,800.0,"Pisos laminados con diseños de inspiración clásica y vetas marcadas. Modelo Piso Laminado Vintage Heritage Independence Oak 1.38X1.59. Medida indicada: 1.38X1.59. Consulta disponibilidad, cobertura por caja y recomendaciones de instalación.",assets/proyecto-walnut.jpg
Pisos,Piso laminado Vintage,Piso Laminado Vintage Heritage Colonial Oak,TS4HE10-34073,800.0,"Pisos laminados con diseños de inspiración clásica y vetas marcadas. Modelo Piso Laminado Vintage Heritage Colonial Oak. Consulta disponibilidad, presentación y recomendaciones de instalación.",assets/proyecto-walnut.jpg
Pisos,Piso laminado Vintage,Piso Laminado Vintage Geritage Democracy Oak 1.38X1.59,TS4HE10-34135,800.0,"Pisos laminados con diseños de inspiración clásica y vetas marcadas. Modelo Piso Laminado Vintage Geritage Democracy Oak 1.38X1.59. Medida indicada: 1.38X1.59. Consulta disponibilidad, cobertura por caja y recomendaciones de instalación.",assets/proyecto-walnut.jpg
Pisos,Piso laminado Vintage,Piso Laminado Vintage Aspen Tahoe,TS4AS8-7658,600.0,"Pisos laminados con diseños de inspiración clásica y vetas marcadas. Modelo Piso Laminado Vintage Aspen Tahoe. Consulta disponibilidad, presentación y recomendaciones de instalación.",assets/proyecto-walnut.jpg
Pisos,Piso laminado Vintage,Piso Laminado Vintage Aspen Oak Fresco,TS4AS8-4381-A,600.0,"Pisos laminados con diseños de inspiración clásica y vetas marcadas. Modelo Piso Laminado Vintage Aspen Oak Fresco. Consulta disponibilidad, presentación y recomendaciones de instalación.",assets/proyecto-walnut.jpg
Pisos,Piso laminado Vintage,Piso Laminado Vintage Aspen Oak Breeze,TS4AS8-4382-A,600.0,"Pisos laminados con diseños de inspiración clásica y vetas marcadas. Modelo Piso Laminado Vintage Aspen Oak Breeze. Consulta disponibilidad, presentación y recomendaciones de instalación.",assets/proyecto-walnut.jpg
Pisos,Piso laminado Vintage,Piso Laminado Vintage Aspen Boulder,TS4AS8-7293,600.0,"Pisos laminados con diseños de inspiración clásica y vetas marcadas. Modelo Piso Laminado Vintage Aspen Boulder. Consulta disponibilidad, presentación y recomendaciones de instalación.",assets/proyecto-walnut.jpg
Pisos,Piso laminado,Piso Laminado Utrillas 1.21X1.98,TS4TE8-1903-4,600.0,"Pisos laminados en variedad de tonos y texturas, de instalación práctica y mantenimiento sencillo. Modelo Piso Laminado Utrillas 1.21X1.98. Medida indicada: 1.21X1.98. Consulta disponibilidad, cobertura por caja y recomendaciones de instalación.",assets/proyecto-walnut.jpg
Pisos,Piso laminado,Piso Laminado Ternasco 1.21X1.98,TS4TE8-1903-5,600.0,"Pisos laminados en variedad de tonos y texturas, de instalación práctica y mantenimiento sencillo. Modelo Piso Laminado Ternasco 1.21X1.98. Medida indicada: 1.21X1.98. Consulta disponibilidad, cobertura por caja y recomendaciones de instalación.",assets/proyecto-walnut.jpg
Pisos,Piso laminado,Piso Laminado Spruce Antique,TS4CL7-3346,650.0,"Pisos laminados en variedad de tonos y texturas, de instalación práctica y mantenimiento sencillo. Modelo Piso Laminado Spruce Antique. Consulta disponibilidad, presentación y recomendaciones de instalación.",assets/proyecto-walnut.jpg
Pisos,Piso laminado,Piso Laminado Oak Vienna,TS4PS7 4369,0.0,"Pisos laminados en variedad de tonos y texturas, de instalación práctica y mantenimiento sencillo. Modelo Piso Laminado Oak Vienna. Consulta disponibilidad, presentación y recomendaciones de instalación.",assets/proyecto-walnut.jpg
Pisos,Piso laminado,Piso Laminado Oak Trend 1.38X1.93,TS4PS7 4424,0.0,"Pisos laminados en variedad de tonos y texturas, de instalación práctica y mantenimiento sencillo. Modelo Piso Laminado Oak Trend 1.38X1.93. Medida indicada: 1.38X1.93. Consulta disponibilidad, cobertura por caja y recomendaciones de instalación.",assets/proyecto-walnut.jpg
Pisos,Piso laminado,Piso Laminado Oak Thunder 1.38X1.93,TS4PS7 4009,0.0,"Pisos laminados en variedad de tonos y texturas, de instalación práctica y mantenimiento sencillo. Modelo Piso Laminado Oak Thunder 1.38X1.93. Medida indicada: 1.38X1.93. Consulta disponibilidad, cobertura por caja y recomendaciones de instalación.",assets/proyecto-walnut.jpg
Pisos,Piso laminado,Piso Laminado Oak Soul,TS4DS7-3709,700.0,"Pisos laminados en variedad de tonos y texturas, de instalación práctica y mantenimiento sencillo. Modelo Piso Laminado Oak Soul. Consulta disponibilidad, presentación y recomendaciones de instalación.",assets/proyecto-walnut.jpg
Pisos,Piso laminado,Piso Laminado Oak Silea 1.38X1.93,TS4CL7-7527-A,650.0,"Pisos laminados en variedad de tonos y texturas, de instalación práctica y mantenimiento sencillo. Modelo Piso Laminado Oak Silea 1.38X1.93. Medida indicada: 1.38X1.93. Consulta disponibilidad, cobertura por caja y recomendaciones de instalación.",assets/proyecto-walnut.jpg
Pisos,Piso laminado,Piso Laminado Oak Natural,TS4PS7 4420,0.0,"Pisos laminados en variedad de tonos y texturas, de instalación práctica y mantenimiento sencillo. Modelo Piso Laminado Oak Natural. Consulta disponibilidad, presentación y recomendaciones de instalación.",assets/proyecto-walnut.jpg
Pisos,Piso laminado,Piso Laminado Oak Evoke Crystal,TS4CL7-4423-A,650.0,"Pisos laminados en variedad de tonos y texturas, de instalación práctica y mantenimiento sencillo. Modelo Piso Laminado Oak Evoke Crystal. Consulta disponibilidad, presentación y recomendaciones de instalación.",assets/proyecto-walnut.jpg
Pisos,Piso laminado,Piso Laminado Oak Epic Apulien 1.38X1.93,TS4DS7-5845-A,700.0,"Pisos laminados en variedad de tonos y texturas, de instalación práctica y mantenimiento sencillo. Modelo Piso Laminado Oak Epic Apulien 1.38X1.93. Medida indicada: 1.38X1.93. Consulta disponibilidad, cobertura por caja y recomendaciones de instalación.",assets/proyecto-walnut.jpg
Pisos,Piso laminado,Piso Laminado Nogal Americano,TS4PS7 7671,0.0,"Pisos laminados en variedad de tonos y texturas, de instalación práctica y mantenimiento sencillo. Modelo Piso Laminado Nogal Americano. Consulta disponibilidad, presentación y recomendaciones de instalación.",assets/proyecto-walnut.jpg
Pisos,Piso laminado,Piso Laminado Mountain Beech,TS4PS7-2535,600.0,"Pisos laminados en variedad de tonos y texturas, de instalación práctica y mantenimiento sencillo. Modelo Piso Laminado Mountain Beech. Consulta disponibilidad, presentación y recomendaciones de instalación.",assets/proyecto-walnut.jpg
Pisos,Piso laminado,Piso Laminado Mountain Beech Splash 1.38X1.93,TS4SP8-2535,800.0,"Pisos laminados en variedad de tonos y texturas, de instalación práctica y mantenimiento sencillo. Modelo Piso Laminado Mountain Beech Splash 1.38X1.93. Medida indicada: 1.38X1.93. Consulta disponibilidad, cobertura por caja y recomendaciones de instalación.",assets/proyecto-walnut.jpg
Pisos,Piso laminado,Piso Laminado Kilimanjaro 2.20X2.39,TS4MA8-1019,1300.0,"Pisos laminados en variedad de tonos y texturas, de instalación práctica y mantenimiento sencillo. Modelo Piso Laminado Kilimanjaro 2.20X2.39. Medida indicada: 2.20X2.39. Consulta disponibilidad, cobertura por caja y recomendaciones de instalación.",assets/proyecto-walnut.jpg
Pisos,Piso laminado,Piso Laminado Kiefer Storm 1.38X1.93,TS4PS7 4075,0.0,"Pisos laminados en variedad de tonos y texturas, de instalación práctica y mantenimiento sencillo. Modelo Piso Laminado Kiefer Storm 1.38X1.93. Medida indicada: 1.38X1.93. Consulta disponibilidad, cobertura por caja y recomendaciones de instalación.",assets/proyecto-walnut.jpg
Pisos,Piso laminado,Piso Laminado Kiefer 1.38X19.3,TS4PS7 4075,0.0,"Pisos laminados en variedad de tonos y texturas, de instalación práctica y mantenimiento sencillo. Modelo Piso Laminado Kiefer 1.38X19.3. Medida indicada: 1.38X19.3. Consulta disponibilidad, cobertura por caja y recomendaciones de instalación.",assets/proyecto-walnut.jpg
Pisos,Piso laminado,Piso Laminado Ivory White,TS4PS7-7582,600.0,"Pisos laminados en variedad de tonos y texturas, de instalación práctica y mantenimiento sencillo. Modelo Piso Laminado Ivory White. Consulta disponibilidad, presentación y recomendaciones de instalación.",assets/proyecto-walnut.jpg
Pisos,Piso laminado,Piso Laminado Gudar 1.21X1.98,TS4TE8-1903-6,600.0,"Pisos laminados en variedad de tonos y texturas, de instalación práctica y mantenimiento sencillo. Modelo Piso Laminado Gudar 1.21X1.98. Medida indicada: 1.21X1.98. Consulta disponibilidad, cobertura por caja y recomendaciones de instalación.",assets/proyecto-walnut.jpg
Pisos,Piso laminado,Piso Laminado Golden Oak,TS4PS7-4898,600.0,"Pisos laminados en variedad de tonos y texturas, de instalación práctica y mantenimiento sencillo. Modelo Piso Laminado Golden Oak. Consulta disponibilidad, presentación y recomendaciones de instalación.",assets/proyecto-walnut.jpg
Pisos,Piso laminado,Piso Laminado Golden Oak Splash 1.38X1.93,TS4SP8-4898,800.0,"Pisos laminados en variedad de tonos y texturas, de instalación práctica y mantenimiento sencillo. Modelo Piso Laminado Golden Oak Splash 1.38X1.93. Medida indicada: 1.38X1.93. Consulta disponibilidad, cobertura por caja y recomendaciones de instalación.",assets/proyecto-walnut.jpg
Pisos,Piso laminado,Piso Laminado Everest 2.20X2.39,TS4MA8-1017,1300.0,"Pisos laminados en variedad de tonos y texturas, de instalación práctica y mantenimiento sencillo. Modelo Piso Laminado Everest 2.20X2.39. Medida indicada: 2.20X2.39. Consulta disponibilidad, cobertura por caja y recomendaciones de instalación.",assets/proyecto-walnut.jpg
Pisos,Piso laminado,Piso Laminado Elbrus 2.20X2.39,TS4MA8-1015,1300.0,"Pisos laminados en variedad de tonos y texturas, de instalación práctica y mantenimiento sencillo. Modelo Piso Laminado Elbrus 2.20X2.39. Medida indicada: 2.20X2.39. Consulta disponibilidad, cobertura por caja y recomendaciones de instalación.",assets/proyecto-walnut.jpg
Pisos,Piso laminado,Piso Laminado Denali 2.20X2.39,TS4MA8-1012,1300.0,"Pisos laminados en variedad de tonos y texturas, de instalación práctica y mantenimiento sencillo. Modelo Piso Laminado Denali 2.20X2.39. Medida indicada: 2.20X2.39. Consulta disponibilidad, cobertura por caja y recomendaciones de instalación.",assets/proyecto-walnut.jpg
Pisos,Piso laminado,Piso Laminado Calanda 1.21X1.98,TS4TE8-1903-3,600.0,"Pisos laminados en variedad de tonos y texturas, de instalación práctica y mantenimiento sencillo. Modelo Piso Laminado Calanda 1.21X1.98. Medida indicada: 1.21X1.98. Consulta disponibilidad, cobertura por caja y recomendaciones de instalación.",assets/proyecto-walnut.jpg
Pisos,Piso laminado,Piso Laminado Australian Walnut,TS4PS7-7503,600.0,"Pisos laminados en variedad de tonos y texturas, de instalación práctica y mantenimiento sencillo. Modelo Piso Laminado Australian Walnut. Consulta disponibilidad, presentación y recomendaciones de instalación.",assets/proyecto-walnut.jpg
Pisos,Piso laminado,Piso Laminado Australian Walnut Splash 1.38X1.93,TS4SP8-7503,800.0,"Pisos laminados en variedad de tonos y texturas, de instalación práctica y mantenimiento sencillo. Modelo Piso Laminado Australian Walnut Splash 1.38X1.93. Medida indicada: 1.38X1.93. Consulta disponibilidad, cobertura por caja y recomendaciones de instalación.",assets/proyecto-walnut.jpg
Pisos,Piso laminado,Piso Laminado Artic Oak Splash 1.38X1.93,TS4SP8-4011,800.0,"Pisos laminados en variedad de tonos y texturas, de instalación práctica y mantenimiento sencillo. Modelo Piso Laminado Artic Oak Splash 1.38X1.93. Medida indicada: 1.38X1.93. Consulta disponibilidad, cobertura por caja y recomendaciones de instalación.",assets/proyecto-walnut.jpg
Pisos,Piso laminado,Piso Laminado Arcito Oak,TS4PS7-4011,600.0,"Pisos laminados en variedad de tonos y texturas, de instalación práctica y mantenimiento sencillo. Modelo Piso Laminado Arcito Oak. Consulta disponibilidad, presentación y recomendaciones de instalación.",assets/proyecto-walnut.jpg
Pisos,Piso laminado,Piso Laminado Alcañiz 1.21X1.98,TS4TE8-1903-2,600.0,"Pisos laminados en variedad de tonos y texturas, de instalación práctica y mantenimiento sencillo. Modelo Piso Laminado Alcañiz 1.21X1.98. Medida indicada: 1.21X1.98. Consulta disponibilidad, cobertura por caja y recomendaciones de instalación.",assets/proyecto-walnut.jpg
Pisos,Piso laminado,Piso Laminado Aconcagua 2.20X2.39,TS4MA8-1010,1300.0,"Pisos laminados en variedad de tonos y texturas, de instalación práctica y mantenimiento sencillo. Modelo Piso Laminado Aconcagua 2.20X2.39. Medida indicada: 2.20X2.39. Consulta disponibilidad, cobertura por caja y recomendaciones de instalación.",assets/proyecto-walnut.jpg
Pisos,Piso de madera,Piso De Madera Vitare Oak,TMVI12-GONV,0.0,"Pisos de madera natural o multicapa que aportan calidez, autenticidad y elegancia. Modelo Piso De Madera Vitare Oak. Consulta disponibilidad, presentación y recomendaciones de instalación.",assets/proyecto-walnut.jpg
Pisos,Piso de madera,Piso De Madera Utopia Oak Valhala,TMUT12-OVAB,1100.0,"Pisos de madera natural o multicapa que aportan calidez, autenticidad y elegancia. Modelo Piso De Madera Utopia Oak Valhala. Consulta disponibilidad, presentación y recomendaciones de instalación.",assets/proyecto-walnut.jpg
Pisos,Piso de madera,Piso De Madera Utopia Oak Shambala,TMUT12-OSHB,1100.0,"Pisos de madera natural o multicapa que aportan calidez, autenticidad y elegancia. Modelo Piso De Madera Utopia Oak Shambala. Consulta disponibilidad, presentación y recomendaciones de instalación.",assets/proyecto-walnut.jpg
Pisos,Piso de madera,Piso De Madera Utopia Oak Panadu,TMUT12-OPAB,1100.0,"Pisos de madera natural o multicapa que aportan calidez, autenticidad y elegancia. Modelo Piso De Madera Utopia Oak Panadu. Consulta disponibilidad, presentación y recomendaciones de instalación.",assets/proyecto-walnut.jpg
Pisos,Piso de madera,Piso De Madera Utopia Oak Camelot,TMUT12-OCAB,1100.0,"Pisos de madera natural o multicapa que aportan calidez, autenticidad y elegancia. Modelo Piso De Madera Utopia Oak Camelot. Consulta disponibilidad, presentación y recomendaciones de instalación.",assets/proyecto-walnut.jpg
Pisos,Piso de madera,Piso De Madera Utopia Oak Avalon,TMUT12-OAVB,1100.0,"Pisos de madera natural o multicapa que aportan calidez, autenticidad y elegancia. Modelo Piso De Madera Utopia Oak Avalon. Consulta disponibilidad, presentación y recomendaciones de instalación.",assets/proyecto-walnut.jpg
Pisos,Piso de madera,Piso De Madera True Toro American Walnut Cepillado,TMTT15-AWNB,0.0,"Pisos de madera natural o multicapa que aportan calidez, autenticidad y elegancia. Modelo Piso De Madera True Toro American Walnut Cepillado. Consulta disponibilidad, presentación y recomendaciones de instalación.",assets/proyecto-walnut.jpg
Pisos,Piso de madera,Piso De Madera Lotf Mate Quartz,TMLM10-QONO,1700.0,"Pisos de madera natural o multicapa que aportan calidez, autenticidad y elegancia. Modelo Piso De Madera Lotf Mate Quartz. Consulta disponibilidad, presentación y recomendaciones de instalación.",assets/proyecto-walnut.jpg
Pisos,Piso de madera,Piso De Madera Loft Mate White Oak,TMLM10-WONO,1600.0,"Pisos de madera natural o multicapa que aportan calidez, autenticidad y elegancia. Modelo Piso De Madera Loft Mate White Oak. Consulta disponibilidad, presentación y recomendaciones de instalación.",assets/proyecto-walnut.jpg
Pisos,Piso de madera,Piso De Madera Loft Mate Teak,TMLO10-TENO,1800.0,"Pisos de madera natural o multicapa que aportan calidez, autenticidad y elegancia. Modelo Piso De Madera Loft Mate Teak. Consulta disponibilidad, presentación y recomendaciones de instalación.",assets/proyecto-walnut.jpg
Pisos,Piso de madera,Piso De Madera Loft Mate Jatoba,TMLM10-JANO,1600.0,"Pisos de madera natural o multicapa que aportan calidez, autenticidad y elegancia. Modelo Piso De Madera Loft Mate Jatoba. Consulta disponibilidad, presentación y recomendaciones de instalación.",assets/proyecto-walnut.jpg
Pisos,Piso de madera,Piso De Madera Loft Mate Gravel,TMLM10-GONO,1650.0,"Pisos de madera natural o multicapa que aportan calidez, autenticidad y elegancia. Modelo Piso De Madera Loft Mate Gravel. Consulta disponibilidad, presentación y recomendaciones de instalación.",assets/proyecto-walnut.jpg
Pisos,Piso de madera,Piso De Madera Loft Mate American Walnut,TMLM10-AWNO,1600.0,"Pisos de madera natural o multicapa que aportan calidez, autenticidad y elegancia. Modelo Piso De Madera Loft Mate American Walnut. Consulta disponibilidad, presentación y recomendaciones de instalación.",assets/proyecto-walnut.jpg
Pisos,Piso de madera,Piso De Madera Loft Life White Oak,TMLO10-WONV,1700.0,"Pisos de madera natural o multicapa que aportan calidez, autenticidad y elegancia. Modelo Piso De Madera Loft Life White Oak. Consulta disponibilidad, presentación y recomendaciones de instalación.",assets/proyecto-walnut.jpg
Pisos,Piso de madera,Piso De Madera Loft Life Teak,TMLO10-TENV,1800.0,"Pisos de madera natural o multicapa que aportan calidez, autenticidad y elegancia. Modelo Piso De Madera Loft Life Teak. Consulta disponibilidad, presentación y recomendaciones de instalación.",assets/proyecto-walnut.jpg
Pisos,Piso de madera,Piso De Madera Loft Life Jatoba,TMLO10-JANV,1700.0,"Pisos de madera natural o multicapa que aportan calidez, autenticidad y elegancia. Modelo Piso De Madera Loft Life Jatoba. Consulta disponibilidad, presentación y recomendaciones de instalación.",assets/proyecto-walnut.jpg
Pisos,Piso de madera,Piso De Madera Loft Life Gray Oak,TMLO10-GONV,1700.0,"Pisos de madera natural o multicapa que aportan calidez, autenticidad y elegancia. Modelo Piso De Madera Loft Life Gray Oak. Consulta disponibilidad, presentación y recomendaciones de instalación.",assets/proyecto-walnut.jpg
Pisos,Piso de madera,Piso De Madera Loft Life Anthracite Oak,TMLO10-AONV,1700.0,"Pisos de madera natural o multicapa que aportan calidez, autenticidad y elegancia. Modelo Piso De Madera Loft Life Anthracite Oak. Consulta disponibilidad, presentación y recomendaciones de instalación.",assets/proyecto-walnut.jpg
Pisos,Piso de madera,Piso De Madera Loft Life American Walnut,TMLO10-AWNV,1600.0,"Pisos de madera natural o multicapa que aportan calidez, autenticidad y elegancia. Modelo Piso De Madera Loft Life American Walnut. Consulta disponibilidad, presentación y recomendaciones de instalación.",assets/proyecto-walnut.jpg
Deck,Deck residencial,Piso Deck Residencial Wenge 2.2X14.5,TDCE22.5-R-WENGE,1400.0,"Tablas de deck sintético para terrazas y patios residenciales con apariencia tipo madera. Modelo Piso Deck Residencial Wenge 2.2X14.5. Medida indicada: 2.2X14.5. Consulta disponibilidad, cobertura por caja y recomendaciones de instalación.",assets/proyecto-walnut.jpg
Deck,Deck residencial,Piso Deck Residencial Teak 2.2X14.5,TDCE2.55-R-TEAK,0.0,"Tablas de deck sintético para terrazas y patios residenciales con apariencia tipo madera. Modelo Piso Deck Residencial Teak 2.2X14.5. Medida indicada: 2.2X14.5. Consulta disponibilidad, cobertura por caja y recomendaciones de instalación.",assets/proyecto-walnut.jpg
Deck,Deck residencial,Piso Deck Residencial Maple 2.2X14.5,TDCE22.5-R-MAPLE,1400.0,"Tablas de deck sintético para terrazas y patios residenciales con apariencia tipo madera. Modelo Piso Deck Residencial Maple 2.2X14.5. Medida indicada: 2.2X14.5. Consulta disponibilidad, cobertura por caja y recomendaciones de instalación.",assets/proyecto-walnut.jpg
Deck,Deck residencial,Piso Deck Residencial Ligth Gray 2.2X14.5,TDCE22.5-R-LIGTH GRAY,1400.0,"Tablas de deck sintético para terrazas y patios residenciales con apariencia tipo madera. Modelo Piso Deck Residencial Ligth Gray 2.2X14.5. Medida indicada: 2.2X14.5. Consulta disponibilidad, cobertura por caja y recomendaciones de instalación.",assets/proyecto-walnut.jpg
Deck,Deck comercial,Piso Deck Comercial Teak/Ipe 2.2X14.5,TDCE22.5-TEAK/IPE,1600.0,"Deck sintético de mayor desempeño para áreas de tránsito frecuente y proyectos comerciales. Modelo Piso Deck Comercial Teak/Ipe 2.2X14.5. Medida indicada: 2.2X14.5. Consulta disponibilidad, cobertura por caja y recomendaciones de instalación.",assets/proyecto-walnut.jpg
Accesorios para muros,Perfiles Wall Cladding,Perfil Plano Wall Tasmania 3X25.4,M-CLAD-P-5402T,20.0,"Perfiles de remate que dan continuidad y un acabado limpio a instalaciones de wall cladding. Modelo Perfil Plano Wall Tasmania 3X25.4. Medida indicada: 3X25.4. Consulta disponibilidad, cobertura por caja y recomendaciones de instalación.",assets/category-decor.jpg
Accesorios para muros,Perfiles Wall Cladding,Perfil Plano Wall Cladding Wenge 3X25.4,M-CLAD-P-005W,20.0,"Perfiles de remate que dan continuidad y un acabado limpio a instalaciones de wall cladding. Modelo Perfil Plano Wall Cladding Wenge 3X25.4. Medida indicada: 3X25.4. Consulta disponibilidad, cobertura por caja y recomendaciones de instalación.",assets/category-decor.jpg
Accesorios para muros,Perfiles Wall Cladding,Perfil Plano Wall Cladding Teak 3X25.4,M-CLAD-P-003T,20.0,"Perfiles de remate que dan continuidad y un acabado limpio a instalaciones de wall cladding. Modelo Perfil Plano Wall Cladding Teak 3X25.4. Medida indicada: 3X25.4. Consulta disponibilidad, cobertura por caja y recomendaciones de instalación.",assets/category-decor.jpg
Accesorios para muros,Perfiles Wall Cladding,Perfil Plano Wall Cladding Redwood 3X25.4,M-CLAD-P-002R,20.0,"Perfiles de remate que dan continuidad y un acabado limpio a instalaciones de wall cladding. Modelo Perfil Plano Wall Cladding Redwood 3X25.4. Medida indicada: 3X25.4. Consulta disponibilidad, cobertura por caja y recomendaciones de instalación.",assets/category-decor.jpg
Accesorios para muros,Perfiles Wall Cladding,Perfil Plano Wall Cladding Merbau 3X25.4,M-CLAD-P-5403M,20.0,"Perfiles de remate que dan continuidad y un acabado limpio a instalaciones de wall cladding. Modelo Perfil Plano Wall Cladding Merbau 3X25.4. Medida indicada: 3X25.4. Consulta disponibilidad, cobertura por caja y recomendaciones de instalación.",assets/category-decor.jpg
Accesorios para muros,Perfiles Wall Cladding,Perfil Plano Wall Cladding Maple 3X25.4,M-CLAD-P-004M,20.0,"Perfiles de remate que dan continuidad y un acabado limpio a instalaciones de wall cladding. Modelo Perfil Plano Wall Cladding Maple 3X25.4. Medida indicada: 3X25.4. Consulta disponibilidad, cobertura por caja y recomendaciones de instalación.",assets/category-decor.jpg
Accesorios para muros,Perfiles Wall Cladding,Perfil Plano Wall Cladding Hichory 3X25.4,M-CLAD-P-5401H,20.0,"Perfiles de remate que dan continuidad y un acabado limpio a instalaciones de wall cladding. Modelo Perfil Plano Wall Cladding Hichory 3X25.4. Medida indicada: 3X25.4. Consulta disponibilidad, cobertura por caja y recomendaciones de instalación.",assets/category-decor.jpg
Pasto sintético,Pasto recreativo,Pasto Sintetico Recreativo Tulum 25Mx3.75M,TG-35-TULUM,0.0,"Pasto sintético para jardines, patios y áreas de convivencia con apariencia natural. Modelo Pasto Sintetico Recreativo Tulum 25Mx3.75M. Consulta disponibilidad, presentación y recomendaciones de instalación.",assets/category-decor.jpg
Pasto sintético,Pasto recreativo,Pasto Sintetico Recreativo Summer 30Mx3.98M,TG-18-SUMMER,0.0,"Pasto sintético para jardines, patios y áreas de convivencia con apariencia natural. Modelo Pasto Sintetico Recreativo Summer 30Mx3.98M. Consulta disponibilidad, presentación y recomendaciones de instalación.",assets/category-decor.jpg
Pasto sintético,Pasto recreativo,Pasto Sintetico Recreativo Maui 25Mx3.75M,TG-30-MAUI,0.0,"Pasto sintético para jardines, patios y áreas de convivencia con apariencia natural. Modelo Pasto Sintetico Recreativo Maui 25Mx3.75M. Consulta disponibilidad, presentación y recomendaciones de instalación.",assets/category-decor.jpg
Pasto sintético,Pasto recreativo,Pasto Sintetico Recreativo Gulhi 25Mx3.75M,TG-45-GULHI,0.0,"Pasto sintético para jardines, patios y áreas de convivencia con apariencia natural. Modelo Pasto Sintetico Recreativo Gulhi 25Mx3.75M. Consulta disponibilidad, presentación y recomendaciones de instalación.",assets/category-decor.jpg
Pasto sintético,Pasto recreativo,Pasto Sintetico Recreativo Cancun 25Mx3.75M,TG-25-CANCUN,0.0,"Pasto sintético para jardines, patios y áreas de convivencia con apariencia natural. Modelo Pasto Sintetico Recreativo Cancun 25Mx3.75M. Consulta disponibilidad, presentación y recomendaciones de instalación.",assets/category-decor.jpg
Pasto sintético,Pasto recreativo,Pasto Sintetico Recreativo Bermuda 25Mx3.75M,TG-20-BERMUDA,0.0,"Pasto sintético para jardines, patios y áreas de convivencia con apariencia natural. Modelo Pasto Sintetico Recreativo Bermuda 25Mx3.75M. Consulta disponibilidad, presentación y recomendaciones de instalación.",assets/category-decor.jpg
Pasto sintético,Pasto recreativo,Pasto Sintetico Recreativo Bali 25Mx3.75M,TG-40-BALI,0.0,"Pasto sintético para jardines, patios y áreas de convivencia con apariencia natural. Modelo Pasto Sintetico Recreativo Bali 25Mx3.75M. Consulta disponibilidad, presentación y recomendaciones de instalación.",assets/category-decor.jpg
Pasto sintético,Pasto recreativo,Pasto Sintetico Recreativo Aruba 30Mx3.98M,TG-07-ARUBA,0.0,"Pasto sintético para jardines, patios y áreas de convivencia con apariencia natural. Modelo Pasto Sintetico Recreativo Aruba 30Mx3.98M. Consulta disponibilidad, presentación y recomendaciones de instalación.",assets/category-decor.jpg
Pasto sintético,Pasto recreativo,Pasto Sintetico Recreativo Anakena 25Mx3.75M,TG-50-ANAKENA,0.0,"Pasto sintético para jardines, patios y áreas de convivencia con apariencia natural. Modelo Pasto Sintetico Recreativo Anakena 25Mx3.75M. Consulta disponibilidad, presentación y recomendaciones de instalación.",assets/category-decor.jpg
Pasto sintético,Pasto recreativo,Pasto Sintetico Recreativo Aca 25Mx3.75M,TG-10-ACA,0.0,"Pasto sintético para jardines, patios y áreas de convivencia con apariencia natural. Modelo Pasto Sintetico Recreativo Aca 25Mx3.75M. Consulta disponibilidad, presentación y recomendaciones de instalación.",assets/category-decor.jpg
Pasto sintético,Pasto deportivo,Pasto Sintetico Deportivo Sport 25Mx3.75M,TGS-40-SPORT,0.0,"Pasto sintético desarrollado para canchas, entrenamiento y superficies de uso deportivo. Modelo Pasto Sintetico Deportivo Sport 25Mx3.75M. Consulta disponibilidad, presentación y recomendaciones de instalación.",assets/category-decor.jpg
Pasto sintético,Pasto deportivo,Pasto Sintetico Deportivo Sport-2 25Mx3.75M,TGS-40-SPORT-2,0.0,"Pasto sintético desarrollado para canchas, entrenamiento y superficies de uso deportivo. Modelo Pasto Sintetico Deportivo Sport-2 25Mx3.75M. Consulta disponibilidad, presentación y recomendaciones de instalación.",assets/category-decor.jpg
Pasto sintético,Pasto deportivo,Pasto Sintetico Deportivo Rojo 25Mx3.75M,TGS-40-ROJO,0.0,"Pasto sintético desarrollado para canchas, entrenamiento y superficies de uso deportivo. Modelo Pasto Sintetico Deportivo Rojo 25Mx3.75M. Consulta disponibilidad, presentación y recomendaciones de instalación.",assets/category-decor.jpg
Pasto sintético,Pasto deportivo,Pasto Sintetico Deportivo Blanco 40Mx3.75M,TGS-40-BLANCO,0.0,"Pasto sintético desarrollado para canchas, entrenamiento y superficies de uso deportivo. Modelo Pasto Sintetico Deportivo Blanco 40Mx3.75M. Consulta disponibilidad, presentación y recomendaciones de instalación.",assets/category-decor.jpg
Pasto sintético,Pasto deportivo,Pasto Sintetico Deportivo Blanco 20.2Mx2M,TGS-12-BLANCO,0.0,"Pasto sintético desarrollado para canchas, entrenamiento y superficies de uso deportivo. Modelo Pasto Sintetico Deportivo Blanco 20.2Mx2M. Consulta disponibilidad, presentación y recomendaciones de instalación.",assets/category-decor.jpg
Pasto sintético,Pasto deportivo,Pasto Sintetico Deportivo Azul 25Mx3.75M,TGS-40-AZUL,0.0,"Pasto sintético desarrollado para canchas, entrenamiento y superficies de uso deportivo. Modelo Pasto Sintetico Deportivo Azul 25Mx3.75M. Consulta disponibilidad, presentación y recomendaciones de instalación.",assets/category-decor.jpg
Pasto sintético,Pasto deportivo,Pasto Sintetico Deportivo Azul-2 25Mx3.75M,TGS-12-AZUL,0.0,"Pasto sintético desarrollado para canchas, entrenamiento y superficies de uso deportivo. Modelo Pasto Sintetico Deportivo Azul-2 25Mx3.75M. Consulta disponibilidad, presentación y recomendaciones de instalación.",assets/category-decor.jpg
Pasto sintético,Pasto deportivo,Pasto Sintetico Deportivo Amarillo 25Mx3.75M,TGS-40-AMARILLO,0.0,"Pasto sintético desarrollado para canchas, entrenamiento y superficies de uso deportivo. Modelo Pasto Sintetico Deportivo Amarillo 25Mx3.75M. Consulta disponibilidad, presentación y recomendaciones de instalación.",assets/category-decor.jpg
Placas,Panel PVC laminado,Panel PVC Laminado Interior Wild Teak (Caja Con 10Pz 8.40M2),M-PVC-V77,999.0,"Panel decorativo interior de formato práctico, diseñado para cubrir muros con acabados tipo madera y una instalación limpia. Modelo Panel PVC Laminado Interior Wild Teak (Caja Con 10Pz 8.40M2). Consulta disponibilidad, presentación y recomendaciones de instalación.",assets/category-panel-walnut.jpg
Placas,Panel PVC laminado,Panel PVC Laminado Interior Walnut Elipse (Caja Con 10Pz 8.40M2),M-PVC-V79,999.0,"Panel decorativo interior de formato práctico, diseñado para cubrir muros con acabados tipo madera y una instalación limpia. Modelo Panel PVC Laminado Interior Walnut Elipse (Caja Con 10Pz 8.40M2). Consulta disponibilidad, presentación y recomendaciones de instalación.",assets/category-panel-walnut.jpg
Placas,Panel PVC laminado,Panel PVC Laminado Interior Rio- (Caja Con 10Pz 8.40M2),M-PVC-V01,999.0,"Panel decorativo interior de formato práctico, diseñado para cubrir muros con acabados tipo madera y una instalación limpia. Modelo Panel PVC Laminado Interior Rio- (Caja Con 10Pz 8.40M2). Consulta disponibilidad, presentación y recomendaciones de instalación.",assets/category-panel-walnut.jpg
Placas,Panel PVC laminado,Panel PVC Laminado Interior Maple Dusk (Caja Con 10Pz 8.40M2),M-PVC-V71,999.0,"Panel decorativo interior de formato práctico, diseñado para cubrir muros con acabados tipo madera y una instalación limpia. Modelo Panel PVC Laminado Interior Maple Dusk (Caja Con 10Pz 8.40M2). Consulta disponibilidad, presentación y recomendaciones de instalación.",assets/category-panel-walnut.jpg
Placas,Panel PVC laminado,Panel PVC Laminado Interior Ivory Elm (Caja Con 10Pz 8.40M2),M-PVC-V70,999.0,"Panel decorativo interior de formato práctico, diseñado para cubrir muros con acabados tipo madera y una instalación limpia. Modelo Panel PVC Laminado Interior Ivory Elm (Caja Con 10Pz 8.40M2). Consulta disponibilidad, presentación y recomendaciones de instalación.",assets/category-panel-walnut.jpg
Placas,Panel PVC laminado,Panel PVC Laminado Interior Cocoa Ash (Caja Con 10Pz 8.40M2),M-PVC-V75,999.0,"Panel decorativo interior de formato práctico, diseñado para cubrir muros con acabados tipo madera y una instalación limpia. Modelo Panel PVC Laminado Interior Cocoa Ash (Caja Con 10Pz 8.40M2). Consulta disponibilidad, presentación y recomendaciones de instalación.",assets/category-panel-walnut.jpg
Placas,Panel PVC laminado,Panel PVC Laminado Interior Brasilia (Caja Con 10Pz 8.40M2),M-PVC-V06,999.0,"Panel decorativo interior de formato práctico, diseñado para cubrir muros con acabados tipo madera y una instalación limpia. Modelo Panel PVC Laminado Interior Brasilia (Caja Con 10Pz 8.40M2). Consulta disponibilidad, presentación y recomendaciones de instalación.",assets/category-panel-walnut.jpg
Placas,Panel PVC laminado,Panel PVC Laminado Interior Birch Ember (Caja Con 10Pz 8.40M2),M-PVC-V73,999.0,"Panel decorativo interior de formato práctico, diseñado para cubrir muros con acabados tipo madera y una instalación limpia. Modelo Panel PVC Laminado Interior Birch Ember (Caja Con 10Pz 8.40M2). Consulta disponibilidad, presentación y recomendaciones de instalación.",assets/category-panel-walnut.jpg
Placas,Panel PVC laminado,Panel PVC Laminado Interior Ash Nomad (Caja Con 10Pz 8.40M2),M-PVC-V80,999.0,"Panel decorativo interior de formato práctico, diseñado para cubrir muros con acabados tipo madera y una instalación limpia. Modelo Panel PVC Laminado Interior Ash Nomad (Caja Con 10Pz 8.40M2). Consulta disponibilidad, presentación y recomendaciones de instalación.",assets/category-panel-walnut.jpg
Lambrín,Lambrín Exterior,Muro Lambrin WPC Exterior Teak 2.85X20X2.6,TD-FWPC-T3,550.0,"Revestimiento WPC para exterior, pensado para soportar condiciones ambientales con bajo mantenimiento. Modelo Muro Lambrin WPC Exterior Teak 2.85X20X2.6. Medida indicada: 2.85X20X2.6. Consulta disponibilidad, cobertura por caja y recomendaciones de instalación.",assets/category-lambrin.jpg
Lambrín,Lambrín Exterior,Muro Lambrin WPC Exterior Silver Gray 2.85X20X2.6,TD-FWPC-T5,550.0,"Revestimiento WPC para exterior, pensado para soportar condiciones ambientales con bajo mantenimiento. Modelo Muro Lambrin WPC Exterior Silver Gray 2.85X20X2.6. Medida indicada: 2.85X20X2.6. Consulta disponibilidad, cobertura por caja y recomendaciones de instalación.",assets/category-lambrin.jpg
Lambrín,Lambrín Exterior,Muro Lambrin WPC Exterior Redwood 2.85X20X2.6,TD-FWPC-T2,550.0,"Revestimiento WPC para exterior, pensado para soportar condiciones ambientales con bajo mantenimiento. Modelo Muro Lambrin WPC Exterior Redwood 2.85X20X2.6. Medida indicada: 2.85X20X2.6. Consulta disponibilidad, cobertura por caja y recomendaciones de instalación.",assets/category-lambrin.jpg
Lambrín,Lambrín Exterior,Muro Lambrin WPC Exterior Dark Black 2.85X20X2.6,TD-FWPC(2.85)-T8,550.0,"Revestimiento WPC para exterior, pensado para soportar condiciones ambientales con bajo mantenimiento. Modelo Muro Lambrin WPC Exterior Dark Black 2.85X20X2.6. Medida indicada: 2.85X20X2.6. Consulta disponibilidad, cobertura por caja y recomendaciones de instalación.",assets/category-lambrin.jpg
Lambrín,Lambrín Exterior,Muro Lambrin WPC Exterior Charcoal 2.85X20X2.6,TD-FWPC-T7,550.0,"Revestimiento WPC para exterior, pensado para soportar condiciones ambientales con bajo mantenimiento. Modelo Muro Lambrin WPC Exterior Charcoal 2.85X20X2.6. Medida indicada: 2.85X20X2.6. Consulta disponibilidad, cobertura por caja y recomendaciones de instalación.",assets/category-lambrin.jpg
Accesorios para muros,Otros accesorios de muro,Malla Sombra,MALLASOMBRA,500.0,"Complementos diversos para instalaciones decorativas en muros y exteriores. Modelo Malla Sombra. Consulta disponibilidad, presentación y recomendaciones de instalación.",assets/category-decor.jpg
Lambrín,Lambrín Media Luna PS,Lambrin Ps Media Luna Gold Gildara 15.2X2.90,M-LUNA-008,179.0,"Lambrín de poliestireno con perfil curvo y detalles decorativos que crean profundidad en muros interiores. Modelo Lambrin Ps Media Luna Gold Gildara 15.2X2.90. Medida indicada: 15.2X2.90. Consulta disponibilidad, cobertura por caja y recomendaciones de instalación.",assets/category-panel-walnut.jpg
Lambrín,Lambrín Media Luna PS,Lambrin Ps Media Luna Gold Elara 15.2X2.90,M-LUNA-006,179.0,"Lambrín de poliestireno con perfil curvo y detalles decorativos que crean profundidad en muros interiores. Modelo Lambrin Ps Media Luna Gold Elara 15.2X2.90. Medida indicada: 15.2X2.90. Consulta disponibilidad, cobertura por caja y recomendaciones de instalación.",assets/category-panel-walnut.jpg
Lambrín,Lambrín Media Luna PS,Lambrin Ps Media Luna Gold Cressida 15.2X2.90,M-LUNA-004,179.0,"Lambrín de poliestireno con perfil curvo y detalles decorativos que crean profundidad en muros interiores. Modelo Lambrin Ps Media Luna Gold Cressida 15.2X2.90. Medida indicada: 15.2X2.90. Consulta disponibilidad, cobertura por caja y recomendaciones de instalación.",assets/category-panel-walnut.jpg
Lambrín,Lambrín Media Luna PS,Lambrin Ps Media Luna Gold Aureli 15.2X2.90,M-LUNA-002,179.0,"Lambrín de poliestireno con perfil curvo y detalles decorativos que crean profundidad en muros interiores. Modelo Lambrin Ps Media Luna Gold Aureli 15.2X2.90. Medida indicada: 15.2X2.90. Consulta disponibilidad, cobertura por caja y recomendaciones de instalación.",assets/category-panel-walnut.jpg
Lambrín,Lambrín Media Luna,Lambrin Media Lunha Azeitona 16X2.90,M-LUNA-M001,179.0,"Panel decorativo de PVC con perfil curvo tipo media luna, ideal para añadir textura y ritmo visual. Modelo Lambrin Media Lunha Azeitona 16X2.90. Medida indicada: 16X2.90. Consulta disponibilidad, cobertura por caja y recomendaciones de instalación.",assets/category-panel-walnut.jpg
Lambrín,Lambrín Media Luna,Lambrin Media Luna Sao Paulo 16X2.90,M-LUNA-M019,179.0,"Panel decorativo de PVC con perfil curvo tipo media luna, ideal para añadir textura y ritmo visual. Modelo Lambrin Media Luna Sao Paulo 16X2.90. Medida indicada: 16X2.90. Consulta disponibilidad, cobertura por caja y recomendaciones de instalación.",assets/category-panel-walnut.jpg
Lambrín,Lambrín Media Luna,Lambrin Media Luna Rio 16X2.90,M-LUNA-M201,179.0,"Panel decorativo de PVC con perfil curvo tipo media luna, ideal para añadir textura y ritmo visual. Modelo Lambrin Media Luna Rio 16X2.90. Medida indicada: 16X2.90. Consulta disponibilidad, cobertura por caja y recomendaciones de instalación.",assets/category-panel-walnut.jpg
Lambrín,Lambrín Media Luna,Lambrin Media Luna Brasilia 16X2.90,M-LUNA-M106,179.0,"Panel decorativo de PVC con perfil curvo tipo media luna, ideal para añadir textura y ritmo visual. Modelo Lambrin Media Luna Brasilia 16X2.90. Medida indicada: 16X2.90. Consulta disponibilidad, cobertura por caja y recomendaciones de instalación.",assets/category-panel-walnut.jpg
Lambrín,Lambrín Media Luna,Lambrin Media Luna Bahia 16X2.90,M-LUNA-M003,179.0,"Panel decorativo de PVC con perfil curvo tipo media luna, ideal para añadir textura y ritmo visual. Modelo Lambrin Media Luna Bahia 16X2.90. Medida indicada: 16X2.90. Consulta disponibilidad, cobertura por caja y recomendaciones de instalación.",assets/category-panel-walnut.jpg
Lambrín,Lambrín Interior,Lambrin Interior Teak Aracaju 2.90X16,M-WPC-49B,199.0,"Lambrín decorativo para interiores con apariencia tipo madera, fácil mantenimiento y aplicación en muros o plafones. Modelo Lambrin Interior Teak Aracaju 2.90X16. Medida indicada: 2.90X16. Consulta disponibilidad, cobertura por caja y recomendaciones de instalación.",assets/category-lambrin.jpg
Lambrín,Lambrín Interior,Lambrin Interior Sonho 16X2.90,M-WPC-212,175.0,"Lambrín decorativo para interiores con apariencia tipo madera, fácil mantenimiento y aplicación en muros o plafones. Modelo Lambrin Interior Sonho 16X2.90. Medida indicada: 16X2.90. Consulta disponibilidad, cobertura por caja y recomendaciones de instalación.",assets/category-lambrin.jpg
Lambrín,Lambrín Interior,Lambrin Interior Sao Paulo 16X2.90,M-WPC-019,165.0,"Lambrín decorativo para interiores con apariencia tipo madera, fácil mantenimiento y aplicación en muros o plafones. Modelo Lambrin Interior Sao Paulo 16X2.90. Medida indicada: 16X2.90. Consulta disponibilidad, cobertura por caja y recomendaciones de instalación.",assets/category-lambrin.jpg
Lambrín,Lambrín Interior,Lambrin Interior Sabeiro 16X2.90,M-WPC-303,185.0,"Lambrín decorativo para interiores con apariencia tipo madera, fácil mantenimiento y aplicación en muros o plafones. Modelo Lambrin Interior Sabeiro 16X2.90. Medida indicada: 16X2.90. Consulta disponibilidad, cobertura por caja y recomendaciones de instalación.",assets/category-lambrin.jpg
Lambrín,Lambrín Interior,Lambrin Interior Rodeiro 16X2.90,M-WPC-301,185.0,"Lambrín decorativo para interiores con apariencia tipo madera, fácil mantenimiento y aplicación en muros o plafones. Modelo Lambrin Interior Rodeiro 16X2.90. Medida indicada: 16X2.90. Consulta disponibilidad, cobertura por caja y recomendaciones de instalación.",assets/category-lambrin.jpg
Lambrín,Lambrín Interior,Lambrin Interior Rio 16X2.90,M-WPC-201,179.0,"Lambrín decorativo para interiores con apariencia tipo madera, fácil mantenimiento y aplicación en muros o plafones. Modelo Lambrin Interior Rio 16X2.90. Medida indicada: 16X2.90. Consulta disponibilidad, cobertura por caja y recomendaciones de instalación.",assets/category-lambrin.jpg
Lambrín,Lambrín Interior,Lambrin Interior Ribeira 16X2.90,M-WPC-305,185.0,"Lambrín decorativo para interiores con apariencia tipo madera, fácil mantenimiento y aplicación en muros o plafones. Modelo Lambrin Interior Ribeira 16X2.90. Medida indicada: 16X2.90. Consulta disponibilidad, cobertura por caja y recomendaciones de instalación.",assets/category-lambrin.jpg
Lambrín,Lambrín Interior,Lambrin Interior Ouro Preto 16X2.90,M-WPC-090,179.0,"Lambrín decorativo para interiores con apariencia tipo madera, fácil mantenimiento y aplicación en muros o plafones. Modelo Lambrin Interior Ouro Preto 16X2.90. Medida indicada: 16X2.90. Consulta disponibilidad, cobertura por caja y recomendaciones de instalación.",assets/category-lambrin.jpg
Lambrín,Lambrín Interior,Lambrin Interior Nuvem 16X2.90,M-WPC-008,179.0,"Lambrín decorativo para interiores con apariencia tipo madera, fácil mantenimiento y aplicación en muros o plafones. Modelo Lambrin Interior Nuvem 16X2.90. Medida indicada: 16X2.90. Consulta disponibilidad, cobertura por caja y recomendaciones de instalación.",assets/category-lambrin.jpg
Lambrín,Lambrín Interior,Lambrin Interior Nogal Olinda,M-WPC-45B,199.0,"Lambrín decorativo para interiores con apariencia tipo madera, fácil mantenimiento y aplicación en muros o plafones. Modelo Lambrin Interior Nogal Olinda. Consulta disponibilidad, presentación y recomendaciones de instalación.",assets/category-lambrin.jpg
Lambrín,Lambrín Interior,Lambrin Interior Manaos 16X2.90,M-WPC-205,175.0,"Lambrín decorativo para interiores con apariencia tipo madera, fácil mantenimiento y aplicación en muros o plafones. Modelo Lambrin Interior Manaos 16X2.90. Medida indicada: 16X2.90. Consulta disponibilidad, cobertura por caja y recomendaciones de instalación.",assets/category-lambrin.jpg
Lambrín,Lambrín Interior,Lambrin Interior Fortaleza Rayado 16X2.90,M-WPC-020,165.0,"Lambrín decorativo para interiores con apariencia tipo madera, fácil mantenimiento y aplicación en muros o plafones. Modelo Lambrin Interior Fortaleza Rayado 16X2.90. Medida indicada: 16X2.90. Consulta disponibilidad, cobertura por caja y recomendaciones de instalación.",assets/category-lambrin.jpg
Lambrín,Lambrín Interior,Lambrin Interior Estrelado 16X2.90,M-WPC-256,175.0,"Lambrín decorativo para interiores con apariencia tipo madera, fácil mantenimiento y aplicación en muros o plafones. Modelo Lambrin Interior Estrelado 16X2.90. Medida indicada: 16X2.90. Consulta disponibilidad, cobertura por caja y recomendaciones de instalación.",assets/category-lambrin.jpg
Lambrín,Lambrín Desigual,Lambrin Interior Desigual Sao Paulo 14X2.80,M-DESIGUAL-019,199.0,"Revestimiento de diseño asimétrico que combina relieves y separaciones para un acabado contemporáneo. Modelo Lambrin Interior Desigual Sao Paulo 14X2.80. Medida indicada: 14X2.80. Consulta disponibilidad, cobertura por caja y recomendaciones de instalación.",assets/category-panel-walnut.jpg
Lambrín,Lambrín Desigual,Lambrin Interior Desigual Rio 14X2.80,M-DESIGUAL-201,199.0,"Revestimiento de diseño asimétrico que combina relieves y separaciones para un acabado contemporáneo. Modelo Lambrin Interior Desigual Rio 14X2.80. Medida indicada: 14X2.80. Consulta disponibilidad, cobertura por caja y recomendaciones de instalación.",assets/category-panel-walnut.jpg
Lambrín,Lambrín Desigual,Lambrin Interior Desigual Parota 14X2.80,M-DESIGUAL-502B,199.0,"Revestimiento de diseño asimétrico que combina relieves y separaciones para un acabado contemporáneo. Modelo Lambrin Interior Desigual Parota 14X2.80. Medida indicada: 14X2.80. Consulta disponibilidad, cobertura por caja y recomendaciones de instalación.",assets/category-panel-walnut.jpg
Lambrín,Lambrín Desigual,Lambrin Interior Desigual Brasilia 14X2.80,M-DESIGUAL-106,199.0,"Revestimiento de diseño asimétrico que combina relieves y separaciones para un acabado contemporáneo. Modelo Lambrin Interior Desigual Brasilia 14X2.80. Medida indicada: 14X2.80. Consulta disponibilidad, cobertura por caja y recomendaciones de instalación.",assets/category-panel-walnut.jpg
Lambrín,Lambrín Desigual,Lambrin Interior Desigual Bahia 16X2.90,M-DESIGUAL-003,199.0,"Revestimiento de diseño asimétrico que combina relieves y separaciones para un acabado contemporáneo. Modelo Lambrin Interior Desigual Bahia 16X2.90. Medida indicada: 16X2.90. Consulta disponibilidad, cobertura por caja y recomendaciones de instalación.",assets/category-panel-walnut.jpg
Lambrín,Lambrín Interior,Lambrin Interior Cerezo Macapa 2.90X16,M-WPC-38B,199.0,"Lambrín decorativo para interiores con apariencia tipo madera, fácil mantenimiento y aplicación en muros o plafones. Modelo Lambrin Interior Cerezo Macapa 2.90X16. Medida indicada: 2.90X16. Consulta disponibilidad, cobertura por caja y recomendaciones de instalación.",assets/category-lambrin.jpg
Lambrín,Lambrín Interior,Lambrin Interior Brasilia 16X2.90,M-WPC-106,165.0,"Lambrín decorativo para interiores con apariencia tipo madera, fácil mantenimiento y aplicación en muros o plafones. Modelo Lambrin Interior Brasilia 16X2.90. Medida indicada: 16X2.90. Consulta disponibilidad, cobertura por caja y recomendaciones de instalación.",assets/category-lambrin.jpg
Lambrín,Lambrín Interior,Lambrin Interior Bahia 16X2.90,M-WPC-003,165.0,"Lambrín decorativo para interiores con apariencia tipo madera, fácil mantenimiento y aplicación en muros o plafones. Modelo Lambrin Interior Bahia 16X2.90. Medida indicada: 16X2.90. Consulta disponibilidad, cobertura por caja y recomendaciones de instalación.",assets/category-lambrin.jpg
Lambrín,Lambrín Interior,Lambrin Interior Amizade,M-WPC-214,179.0,"Lambrín decorativo para interiores con apariencia tipo madera, fácil mantenimiento y aplicación en muros o plafones. Modelo Lambrin Interior Amizade. Consulta disponibilidad, presentación y recomendaciones de instalación.",assets/category-lambrin.jpg
Lambrín,Lambrín Interior,Lambrin Interior Amanhecer 16X2.90,M-WPC-252,175.0,"Lambrín decorativo para interiores con apariencia tipo madera, fácil mantenimiento y aplicación en muros o plafones. Modelo Lambrin Interior Amanhecer 16X2.90. Medida indicada: 16X2.90. Consulta disponibilidad, cobertura por caja y recomendaciones de instalación.",assets/category-lambrin.jpg
Accesorios para muros,Follaje sintético,Follaje Sintetico Trebol 50X50Cm,SG-FGF012,250.0,"Módulos decorativos de follaje para crear muros verdes de fácil mantenimiento. Modelo Follaje Sintetico Trebol 50X50Cm. Medida indicada: 50X50cm. Consulta disponibilidad, cobertura por caja y recomendaciones de instalación.",assets/category-decor.jpg
Accesorios para muros,Follaje sintético,Follaje Sintetico Siberia 50X50Cm,SG-FGF017,250.0,"Módulos decorativos de follaje para crear muros verdes de fácil mantenimiento. Modelo Follaje Sintetico Siberia 50X50Cm. Medida indicada: 50X50cm. Consulta disponibilidad, cobertura por caja y recomendaciones de instalación.",assets/category-decor.jpg
Accesorios para muros,Follaje sintético,Follaje Sintetico Milan 50X50Cm,SG-FSA013,250.0,"Módulos decorativos de follaje para crear muros verdes de fácil mantenimiento. Modelo Follaje Sintetico Milan 50X50Cm. Medida indicada: 50X50cm. Consulta disponibilidad, cobertura por caja y recomendaciones de instalación.",assets/category-decor.jpg
Accesorios para muros,Follaje sintético,Follaje Sintetico Menta 50X50Cm,SG-FSA019,250.0,"Módulos decorativos de follaje para crear muros verdes de fácil mantenimiento. Modelo Follaje Sintetico Menta 50X50Cm. Medida indicada: 50X50cm. Consulta disponibilidad, cobertura por caja y recomendaciones de instalación.",assets/category-decor.jpg
Accesorios para muros,Follaje sintético,Follaje Sintetico Grecia 50X50,SG-FGA-156,250.0,"Módulos decorativos de follaje para crear muros verdes de fácil mantenimiento. Modelo Follaje Sintetico Grecia 50X50. Medida indicada: 50X50. Consulta disponibilidad, cobertura por caja y recomendaciones de instalación.",assets/category-decor.jpg
Accesorios para muros,Follaje sintético,Follaje Sintetico Brusela 50X50Cm,SG-FGF087,280.0,"Módulos decorativos de follaje para crear muros verdes de fácil mantenimiento. Modelo Follaje Sintetico Brusela 50X50Cm. Medida indicada: 50X50cm. Consulta disponibilidad, cobertura por caja y recomendaciones de instalación.",assets/category-decor.jpg
Accesorios para muros,Follaje sintético,Follaje Sintetico Amazonas-C 50X50Cm,SG-FGK004C,350.0,"Módulos decorativos de follaje para crear muros verdes de fácil mantenimiento. Modelo Follaje Sintetico Amazonas-C 50X50Cm. Medida indicada: 50X50cm. Consulta disponibilidad, cobertura por caja y recomendaciones de instalación.",assets/category-decor.jpg
Accesorios para muros,Follaje sintético,Follaje Sintetica Sevilla 50X50Cm,SG-FSA009,250.0,"Módulos decorativos de follaje para crear muros verdes de fácil mantenimiento. Modelo Follaje Sintetica Sevilla 50X50Cm. Medida indicada: 50X50cm. Consulta disponibilidad, cobertura por caja y recomendaciones de instalación.",assets/category-decor.jpg
Accesorios para muros,Follaje sintético,Follaje Sintetica Jazmin 50X50Cm,SG-FSA036,250.0,"Módulos decorativos de follaje para crear muros verdes de fácil mantenimiento. Modelo Follaje Sintetica Jazmin 50X50Cm. Medida indicada: 50X50cm. Consulta disponibilidad, cobertura por caja y recomendaciones de instalación.",assets/category-decor.jpg
Accesorios para muros,Follaje sintético,Follaje Sintetica Amazonas-B 50X50Cm,SG-FGK004B,350.0,"Módulos decorativos de follaje para crear muros verdes de fácil mantenimiento. Modelo Follaje Sintetica Amazonas-B 50X50Cm. Medida indicada: 50X50cm. Consulta disponibilidad, cobertura por caja y recomendaciones de instalación.",assets/category-decor.jpg
Accesorios para muros,Follaje sintético,Follaje Sintetica Amazonas-A 50X50Cm,SG-FGK004A,350.0,"Módulos decorativos de follaje para crear muros verdes de fácil mantenimiento. Modelo Follaje Sintetica Amazonas-A 50X50Cm. Medida indicada: 50X50cm. Consulta disponibilidad, cobertura por caja y recomendaciones de instalación.",assets/category-decor.jpg
Accesorios para muros,Follaje sintético,Follaje Persia 50X50Cm,SG-FSA017,250.0,"Módulos decorativos de follaje para crear muros verdes de fácil mantenimiento. Modelo Follaje Persia 50X50Cm. Medida indicada: 50X50cm. Consulta disponibilidad, cobertura por caja y recomendaciones de instalación.",assets/category-decor.jpg
Accesorios para muros,Follaje sintético,Follaje Laurel Dorado 50X50Cm,SG-FSA003,250.0,"Módulos decorativos de follaje para crear muros verdes de fácil mantenimiento. Modelo Follaje Laurel Dorado 50X50Cm. Medida indicada: 50X50cm. Consulta disponibilidad, cobertura por caja y recomendaciones de instalación.",assets/category-decor.jpg
Accesorios para muros,Follaje sintético,Follaje Arrayan Verde 50X50Cm,SG-FSA006-G,250.0,"Módulos decorativos de follaje para crear muros verdes de fácil mantenimiento. Modelo Follaje Arrayan Verde 50X50Cm. Medida indicada: 50X50cm. Consulta disponibilidad, cobertura por caja y recomendaciones de instalación.",assets/category-decor.jpg
Accesorios para muros,Follaje sintético,Follaje Arrayan Rojo 50X50Cm,SG-FSA006-R,250.0,"Módulos decorativos de follaje para crear muros verdes de fácil mantenimiento. Modelo Follaje Arrayan Rojo 50X50Cm. Medida indicada: 50X50cm. Consulta disponibilidad, cobertura por caja y recomendaciones de instalación.",assets/category-decor.jpg
Accesorios para muros,Follaje sintético,Follaje Arrayan Natural 50X50Cm,SG-FSA001,250.0,"Módulos decorativos de follaje para crear muros verdes de fácil mantenimiento. Modelo Follaje Arrayan Natural 50X50Cm. Medida indicada: 50X50cm. Consulta disponibilidad, cobertura por caja y recomendaciones de instalación.",assets/category-decor.jpg
Accesorios para muros,Follaje sintético,Follaje Arrayan Morado 50X50Cm,SG-FSA006-P,250.0,"Módulos decorativos de follaje para crear muros verdes de fácil mantenimiento. Modelo Follaje Arrayan Morado 50X50Cm. Medida indicada: 50X50cm. Consulta disponibilidad, cobertura por caja y recomendaciones de instalación.",assets/category-decor.jpg
Accesorios para muros,Follaje sintético,Follaje Arrayan Amarillo 50X50Cm,SG-FSA006-Y,250.0,"Módulos decorativos de follaje para crear muros verdes de fácil mantenimiento. Modelo Follaje Arrayan Amarillo 50X50Cm. Medida indicada: 50X50cm. Consulta disponibilidad, cobertura por caja y recomendaciones de instalación.",assets/category-decor.jpg
Accesorios para muros,Follaje sintético,Follaje Amsterdan 50X50Cm,SG-FGF044,250.0,"Módulos decorativos de follaje para crear muros verdes de fácil mantenimiento. Modelo Follaje Amsterdan 50X50Cm. Medida indicada: 50X50cm. Consulta disponibilidad, cobertura por caja y recomendaciones de instalación.",assets/category-decor.jpg
Accesorios para muros,Complementos para vigas,Cople Para Viga,M-VIGA1-COPLE,50.0,"Tapas, soportes y coples para completar y asegurar la instalación de vigas decorativas. Modelo Cople Para Viga. Consulta disponibilidad, presentación y recomendaciones de instalación.",assets/category-vigas.jpg
Accesorios para muros,Complementos para vigas,Cople Para Viga2,M-VIGA2-COPLE,50.0,"Tapas, soportes y coples para completar y asegurar la instalación de vigas decorativas. Modelo Cople Para Viga2. Consulta disponibilidad, presentación y recomendaciones de instalación.",assets/category-vigas.jpg
Deck,Accesorios para deck,Clip Sistema De Fijacion Para Deck,CLIPSINOX,0.0,"Clips y piezas de fijación para lograr una instalación firme y uniforme del deck. Modelo Clip Sistema De Fijacion Para Deck. Consulta disponibilidad, presentación y recomendaciones de instalación.",assets/proyecto-piedra.jpg
Deck,Accesorios para deck,Clip Inicio Para Fila De Tabla En Sistema Deck,CLIPINICIO,0.0,"Clips y piezas de fijación para lograr una instalación firme y uniforme del deck. Modelo Clip Inicio Para Fila De Tabla En Sistema Deck. Consulta disponibilidad, presentación y recomendaciones de instalación.",assets/proyecto-piedra.jpg
Accesorios para muros,Cercas expandibles,Cerca Expandible Medellin10.7Cmx37Cm,SG-CGD010,900.0,"Paneles decorativos expandibles para cubrir muros, divisiones y áreas verdes. Modelo Cerca Expandible Medellin10.7Cmx37Cm. Consulta disponibilidad, presentación y recomendaciones de instalación.",assets/category-decor.jpg
Accesorios para muros,Cercas expandibles,Cerca Expandible Bogota 10.7Cmx37Cm,SG-CGD023,900.0,"Paneles decorativos expandibles para cubrir muros, divisiones y áreas verdes. Modelo Cerca Expandible Bogota 10.7Cmx37Cm. Consulta disponibilidad, presentación y recomendaciones de instalación.",assets/category-decor.jpg
Accesorios para muros,Cercas expandibles,Cerca Expandible Barranquilla 10.7Cmx37Cm,SG-CGD036,900.0,"Paneles decorativos expandibles para cubrir muros, divisiones y áreas verdes. Modelo Cerca Expandible Barranquilla 10.7Cmx37Cm. Consulta disponibilidad, presentación y recomendaciones de instalación.",assets/category-decor.jpg
Accesorios para muros,Ángulos para lambrín interior,Angulo Lambrin WPC Interior Wild Teak,M-WPC-A077,140.0,"Piezas de terminación para proteger esquinas y cerrar instalaciones de lambrín interior. Modelo Angulo Lambrin WPC Interior Wild Teak. Consulta disponibilidad, presentación y recomendaciones de instalación.",assets/category-decor.jpg
Accesorios para muros,Ángulos para lambrín interior,Angulo Lambrin WPC Interior Walnut Elipse,M-WPC-A079,140.0,"Piezas de terminación para proteger esquinas y cerrar instalaciones de lambrín interior. Modelo Angulo Lambrin WPC Interior Walnut Elipse. Consulta disponibilidad, presentación y recomendaciones de instalación.",assets/category-decor.jpg
Accesorios para muros,Ángulos para lambrín interior,Angulo Lambrin WPC Interior,M-WPC-A303,140.0,"Piezas de terminación para proteger esquinas y cerrar instalaciones de lambrín interior. Modelo Angulo Lambrin WPC Interior. Consulta disponibilidad, presentación y recomendaciones de instalación.",assets/category-decor.jpg
Accesorios para muros,Ángulos para lambrín interior,Angulo Lambrin WPC Interior Teak Aracaju,M-WPC-A49B,140.0,"Piezas de terminación para proteger esquinas y cerrar instalaciones de lambrín interior. Modelo Angulo Lambrin WPC Interior Teak Aracaju. Consulta disponibilidad, presentación y recomendaciones de instalación.",assets/category-decor.jpg
Accesorios para muros,Ángulos para lambrín interior,Angulo Lambrin WPC Interior Sonho,M-WPC-A212,0.0,"Piezas de terminación para proteger esquinas y cerrar instalaciones de lambrín interior. Modelo Angulo Lambrin WPC Interior Sonho. Consulta disponibilidad, presentación y recomendaciones de instalación.",assets/category-decor.jpg
Accesorios para muros,Ángulos para lambrín interior,Angulo Lambrin WPC Interior Sao Paulo,M-WPC-A019,140.0,"Piezas de terminación para proteger esquinas y cerrar instalaciones de lambrín interior. Modelo Angulo Lambrin WPC Interior Sao Paulo. Consulta disponibilidad, presentación y recomendaciones de instalación.",assets/category-decor.jpg
Accesorios para muros,Ángulos para lambrín interior,Angulo Lambrin WPC Interior Rodeiro,M-WPC-A301,140.0,"Piezas de terminación para proteger esquinas y cerrar instalaciones de lambrín interior. Modelo Angulo Lambrin WPC Interior Rodeiro. Consulta disponibilidad, presentación y recomendaciones de instalación.",assets/category-decor.jpg
Accesorios para muros,Ángulos para lambrín interior,Angulo Lambrin WPC Interior Rio,M-WPC-A201,140.0,"Piezas de terminación para proteger esquinas y cerrar instalaciones de lambrín interior. Modelo Angulo Lambrin WPC Interior Rio. Consulta disponibilidad, presentación y recomendaciones de instalación.",assets/category-decor.jpg
Accesorios para muros,Ángulos para lambrín interior,Angulo Lambrin WPC Interior Ribeira,M-WPC-A305,140.0,"Piezas de terminación para proteger esquinas y cerrar instalaciones de lambrín interior. Modelo Angulo Lambrin WPC Interior Ribeira. Consulta disponibilidad, presentación y recomendaciones de instalación.",assets/category-decor.jpg
Accesorios para muros,Ángulos para lambrín interior,Angulo Lambrin WPC Interior Parota,M-WPC-A502B,0.0,"Piezas de terminación para proteger esquinas y cerrar instalaciones de lambrín interior. Modelo Angulo Lambrin WPC Interior Parota. Consulta disponibilidad, presentación y recomendaciones de instalación.",assets/category-decor.jpg
Accesorios para muros,Ángulos para lambrín interior,Angulo Lambrin WPC Interior Ouro Preto,M-WPC-A090,140.0,"Piezas de terminación para proteger esquinas y cerrar instalaciones de lambrín interior. Modelo Angulo Lambrin WPC Interior Ouro Preto. Consulta disponibilidad, presentación y recomendaciones de instalación.",assets/category-decor.jpg
Accesorios para muros,Ángulos para lambrín interior,Angulo Lambrin WPC Interior Nuvem,M-WPC-A008,140.0,"Piezas de terminación para proteger esquinas y cerrar instalaciones de lambrín interior. Modelo Angulo Lambrin WPC Interior Nuvem. Consulta disponibilidad, presentación y recomendaciones de instalación.",assets/category-decor.jpg
Accesorios para muros,Ángulos para lambrín interior,Angulo Lambrin WPC Interior Nogal Olinda,M-WPC-A45B,140.0,"Piezas de terminación para proteger esquinas y cerrar instalaciones de lambrín interior. Modelo Angulo Lambrin WPC Interior Nogal Olinda. Consulta disponibilidad, presentación y recomendaciones de instalación.",assets/category-decor.jpg
Accesorios para muros,Ángulos para lambrín interior,Angulo Lambrin WPC Interior Maple Dusk,M-WPC-A071,140.0,"Piezas de terminación para proteger esquinas y cerrar instalaciones de lambrín interior. Modelo Angulo Lambrin WPC Interior Maple Dusk. Consulta disponibilidad, presentación y recomendaciones de instalación.",assets/category-decor.jpg
Accesorios para muros,Ángulos para lambrín interior,Angulo Lambrin WPC Interior Manaos,M-WPC-A205,140.0,"Piezas de terminación para proteger esquinas y cerrar instalaciones de lambrín interior. Modelo Angulo Lambrin WPC Interior Manaos. Consulta disponibilidad, presentación y recomendaciones de instalación.",assets/category-decor.jpg
Accesorios para muros,Ángulos para lambrín interior,Angulo Lambrin WPC Interior Ivoy Elm,M-WPC-A070,140.0,"Piezas de terminación para proteger esquinas y cerrar instalaciones de lambrín interior. Modelo Angulo Lambrin WPC Interior Ivoy Elm. Consulta disponibilidad, presentación y recomendaciones de instalación.",assets/category-decor.jpg
Accesorios para muros,Ángulos para lambrín interior,Angulo Lambrin WPC Interior Fortaleza Rayado,M-WPC-A020,140.0,"Piezas de terminación para proteger esquinas y cerrar instalaciones de lambrín interior. Modelo Angulo Lambrin WPC Interior Fortaleza Rayado. Consulta disponibilidad, presentación y recomendaciones de instalación.",assets/category-decor.jpg
Accesorios para muros,Ángulos para lambrín interior,Angulo Lambrin WPC Interior Estrelado,M-WPC-A256,0.0,"Piezas de terminación para proteger esquinas y cerrar instalaciones de lambrín interior. Modelo Angulo Lambrin WPC Interior Estrelado. Consulta disponibilidad, presentación y recomendaciones de instalación.",assets/category-decor.jpg
Accesorios para muros,Ángulos para lambrín interior,Angulo Lambrin WPC Interior Cocoa Ash,M-WPC-A075,140.0,"Piezas de terminación para proteger esquinas y cerrar instalaciones de lambrín interior. Modelo Angulo Lambrin WPC Interior Cocoa Ash. Consulta disponibilidad, presentación y recomendaciones de instalación.",assets/category-decor.jpg
Accesorios para muros,Ángulos para lambrín interior,Angulo Lambrin WPC Interior Cerezo Macapa,M-WPC-A38B,140.0,"Piezas de terminación para proteger esquinas y cerrar instalaciones de lambrín interior. Modelo Angulo Lambrin WPC Interior Cerezo Macapa. Consulta disponibilidad, presentación y recomendaciones de instalación.",assets/category-decor.jpg
Accesorios para muros,Ángulos para lambrín interior,Angulo Lambrin WPC Interior Brasilia,M-WPC-A106,140.0,"Piezas de terminación para proteger esquinas y cerrar instalaciones de lambrín interior. Modelo Angulo Lambrin WPC Interior Brasilia. Consulta disponibilidad, presentación y recomendaciones de instalación.",assets/category-decor.jpg
Accesorios para muros,Ángulos para lambrín interior,Angulo Lambrin WPC Interior Birch Ember,M-WPC-A073,140.0,"Piezas de terminación para proteger esquinas y cerrar instalaciones de lambrín interior. Modelo Angulo Lambrin WPC Interior Birch Ember. Consulta disponibilidad, presentación y recomendaciones de instalación.",assets/category-decor.jpg
Accesorios para muros,Ángulos para lambrín interior,Angulo Lambrin WPC Interior Bahia,M-WPC-A003,140.0,"Piezas de terminación para proteger esquinas y cerrar instalaciones de lambrín interior. Modelo Angulo Lambrin WPC Interior Bahia. Consulta disponibilidad, presentación y recomendaciones de instalación.",assets/category-decor.jpg
Accesorios para muros,Ángulos para lambrín interior,Angulo Lambrin WPC Interior Azeitona,M-WPC-A001,140.0,"Piezas de terminación para proteger esquinas y cerrar instalaciones de lambrín interior. Modelo Angulo Lambrin WPC Interior Azeitona. Consulta disponibilidad, presentación y recomendaciones de instalación.",assets/category-decor.jpg
Accesorios para muros,Ángulos para lambrín interior,Angulo Lambrin WPC Interior Ash Nomad,M-WPC-A080,140.0,"Piezas de terminación para proteger esquinas y cerrar instalaciones de lambrín interior. Modelo Angulo Lambrin WPC Interior Ash Nomad. Consulta disponibilidad, presentación y recomendaciones de instalación.",assets/category-decor.jpg
Accesorios para muros,Ángulos para lambrín interior,Angulo Lambrin WPC Interior Amizade,M-WPC-A214,0.0,"Piezas de terminación para proteger esquinas y cerrar instalaciones de lambrín interior. Modelo Angulo Lambrin WPC Interior Amizade. Consulta disponibilidad, presentación y recomendaciones de instalación.",assets/category-decor.jpg
Accesorios para muros,Ángulos para lambrín interior,Angulo Lambrin WPC Interior Amanhecer,M-WPC-A252,0.0,"Piezas de terminación para proteger esquinas y cerrar instalaciones de lambrín interior. Modelo Angulo Lambrin WPC Interior Amanhecer. Consulta disponibilidad, presentación y recomendaciones de instalación.",assets/category-decor.jpg
Accesorios para muros,Ángulos para lambrín exterior,Angulo De Lambrin WPC Exterior Teak,TD-FANG-T3,400.0,"Piezas de terminación para rematar esquinas en instalaciones de lambrín WPC exterior. Modelo Angulo De Lambrin WPC Exterior Teak. Consulta disponibilidad, presentación y recomendaciones de instalación.",assets/category-decor.jpg
Accesorios para muros,Ángulos para lambrín exterior,Angulo De Lambrin WPC Exterior Silver Gray,TD-FANG-T6,400.0,"Piezas de terminación para rematar esquinas en instalaciones de lambrín WPC exterior. Modelo Angulo De Lambrin WPC Exterior Silver Gray. Consulta disponibilidad, presentación y recomendaciones de instalación.",assets/category-decor.jpg
Accesorios para muros,Ángulos para lambrín exterior,Angulo De Lambrin WPC Exterior Redwood,TD-FANG-T2,400.0,"Piezas de terminación para rematar esquinas en instalaciones de lambrín WPC exterior. Modelo Angulo De Lambrin WPC Exterior Redwood. Consulta disponibilidad, presentación y recomendaciones de instalación.",assets/category-decor.jpg
Accesorios para muros,Ángulos para lambrín exterior,Angulo De Lambrin WPC Exterior Dark Black,TD-FANG-T8,400.0,"Piezas de terminación para rematar esquinas en instalaciones de lambrín WPC exterior. Modelo Angulo De Lambrin WPC Exterior Dark Black. Consulta disponibilidad, presentación y recomendaciones de instalación.",assets/category-decor.jpg
Accesorios para muros,Ángulos para lambrín exterior,Angulo De Lambrin WPC Exterior Charcoal,TD-FANG-T7,400.0,"Piezas de terminación para rematar esquinas en instalaciones de lambrín WPC exterior. Modelo Angulo De Lambrin WPC Exterior Charcoal. Consulta disponibilidad, presentación y recomendaciones de instalación.",assets/category-decor.jpg
Accesorios para muros,Perfiles para placas,Aluminio Para Placas Perfil Plateado,M-PERFIL-TP-1,81.0,"Perfiles y ángulos de aluminio para rematar, unir y proteger los bordes de placas decorativas. Modelo Aluminio Para Placas Perfil Plateado. Consulta disponibilidad, presentación y recomendaciones de instalación.",assets/category-decor.jpg
Accesorios para muros,Perfiles para placas,Aluminio Para Placas Angulo Plateado,M-PRFIL-AP-1,0.0,"Perfiles y ángulos de aluminio para rematar, unir y proteger los bordes de placas decorativas. Modelo Aluminio Para Placas Angulo Plateado. Consulta disponibilidad, presentación y recomendaciones de instalación.",assets/category-decor.jpg
Accesorios para muros,Perfiles para placas,Aluminio Para Placas Angulo Negro,M-PERFIL-AN-1,89.0,"Perfiles y ángulos de aluminio para rematar, unir y proteger los bordes de placas decorativas. Modelo Aluminio Para Placas Angulo Negro. Consulta disponibilidad, presentación y recomendaciones de instalación.",assets/category-decor.jpg
Accesorios para muros,Perfiles para placas,Aluminio Para Placa Perfil Negro,M-PERFIL-TN-1,81.0,"Perfiles y ángulos de aluminio para rematar, unir y proteger los bordes de placas decorativas. Modelo Aluminio Para Placa Perfil Negro. Consulta disponibilidad, presentación y recomendaciones de instalación.",assets/category-decor.jpg
Accesorios para muros,Perfiles para placas,Aluminio Para Placa Angulo Plateado,M-PERFIL-AP-1,89.0,"Perfiles y ángulos de aluminio para rematar, unir y proteger los bordes de placas decorativas. Modelo Aluminio Para Placa Angulo Plateado. Consulta disponibilidad, presentación y recomendaciones de instalación.",assets/category-decor.jpg
